Date, Volume(t-1), Open(t-1), High(t-1), Low(t-1), Volume(t-2), Open(t-2), High(t-2), Low(t-2), Volume(t-3), Open(t-3), High(t-3), Low(t-3),target(t)
12/11/15,29158640,116.04,116.94,115.51,46301930,117.64,117.69,115.08,34275420,117.52,118.6,116.86,115.19
11/30/2016,28507780,110.78,112.03,110.07,27054320,111.43,112.47,111.39,11475920,111.13,111.87,110.95,111.6
08/21/2017,27391950,157.86,159.5,156.72,27377960,160.52,160.71,157.84,27607370,161.94,162.51,160.15,157.5
04/27/2018,27850370,164.12,165.73,163.37,28331540,162.62,165.42,162.41,33674960,165.67,166.33,161.22,164.0
04/02/20,44054640,246.5,248.72,239.13,49250500,255.6,262.49,252.0,41994110,250.74,255.52,249.4,240.34
04/01/20,49250500,255.6,262.49,252.0,41994110,250.74,255.52,249.4,51054150,252.75,255.87,247.05,246.5
04/16/2018,25100510,174.78,175.84,173.85,22858840,173.41,175.0,173.04,22401040,172.23,173.92,171.7,175.03
09/05/19,19216820,208.39,209.48,207.32,20059570,206.43,206.98,204.22,21162560,210.16,210.45,207.2,212.0
06/19/2020,24205100,351.41,353.45,349.22,28601630,355.15,355.4,351.09,41357180,351.46,353.2,344.72,354.64
01/10/18,21532200,174.55,175.06,173.41,20523870,174.35,175.61,173.93,23589930,173.44,175.37,173.05,173.16
09/15/2017,23637310,158.99,159.4,158.09,44866280,159.87,159.96,157.91,71574560,162.61,163.96,158.77,158.47
05/01/19,45751160,203.06,203.4,199.11,22010360,204.4,205.97,203.86,18612770,204.9,205.0,202.12,209.88
11/21/2016,28310840,109.72,110.54,109.66,27623150,109.81,110.35,108.83,58724080,106.7,110.23,106.6,110.12
09/02/15,76562170,110.15,111.88,107.36,56111590,112.03,114.53,112.0,53075960,112.17,113.31,111.54,110.23
01/19/2016,79356010,96.2,97.71,95.36,63000140,97.96,100.48,95.74,62285770,100.32,101.19,97.3,98.41
09/25/2015,50061580,113.25,115.5,112.37,35678360,113.63,114.72,113.3,50278030,113.38,114.18,112.52,116.44
02/12/16,49979700,93.79,94.72,92.59,42288790,95.92,96.35,94.1,44282560,94.29,95.94,93.93,94.19
10/14/2015,32970790,110.82,112.45,110.68,30386830,112.73,112.75,111.44,52720620,110.0,112.28,109.49,111.29
11/20/2015,43233950,117.64,119.75,116.76,46559730,115.76,117.49,115.5,27584020,114.92,115.05,113.32,119.2
01/27/2016,71937310,99.93,100.88,98.07,51529980,101.52,101.53,99.21,65648660,98.63,101.46,98.37,96.04
07/21/2017,17170490,151.5,151.74,150.19,20859830,150.48,151.42,149.95,17837130,149.2,150.13,148.67,149.99
11/09/15,33009110,121.11,121.81,120.62,39483400,121.85,122.69,120.18,44829060,123.13,123.82,121.62,120.96
11/19/2018,36191330,190.5,194.97,189.46,46271660,188.39,191.97,186.9,60547340,193.9,194.48,185.93,190.0
12/27/2016,14244050,115.59,116.52,115.59,26043820,116.35,116.51,115.64,23724430,116.8,117.4,116.78,116.52
03/16/2016,40026250,103.96,105.18,103.85,25058280,101.91,102.91,101.78,27368840,102.24,102.28,101.5,104.61
06/07/19,22526310,183.08,185.47,182.15,29773430,184.28,184.99,181.14,30967960,175.44,179.83,174.52,186.51
01/24/2018,32395870,177.3,179.44,176.82,27052000,177.3,177.78,176.6,31306390,178.61,179.58,177.41,177.25
01/30/2019,39914850,156.25,158.13,154.11,26147280,155.79,156.33,153.66,33508960,155.48,158.13,154.32,163.25
07/30/2019,21673390,208.46,210.64,208.44,17618870,207.48,209.73,207.14,13909560,208.89,209.24,206.73,208.76
07/07/17,24110330,143.02,143.5,142.41,21550270,143.69,144.79,142.72,14277850,144.88,145.3,143.1,142.9
07/06/20,28510370,367.85,370.47,363.64,27684310,365.12,367.36,363.91,35055820,360.08,365.98,360.0,370.0
06/29/2020,51314210,364.41,365.32,353.02,34380630,360.7,365.0,357.57,48155850,365.0,368.79,358.52,353.25
07/23/2018,20670830,191.78,192.43,190.17,20182050,189.69,192.55,189.69,16365720,191.78,191.8,189.93,190.68
04/12/19,20543190,200.85,201.0,198.44,21654750,198.68,200.74,198.18,35738280,200.32,202.85,199.23,199.2
03/29/2016,19354440,106.0,106.19,105.06,25568350,105.47,106.25,104.89,25686350,106.48,107.07,105.9,104.89
03/23/2016,32345430,105.25,107.29,105.21,35454230,105.93,107.65,105.14,43607120,106.34,106.5,105.19,106.48
05/11/18,27942430,187.74,190.37,187.65,23141260,186.55,187.4,185.22,28053230,184.99,186.22,183.67,189.49
11/13/2017,25129510,175.11,175.38,174.27,29422610,175.11,176.1,173.14,24358920,174.66,176.24,174.33,173.5
09/30/2016,35850010,113.16,113.8,111.8,29608390,113.69,114.64,113.43,24587490,113.0,113.18,112.34,112.46
08/29/2019,15957630,204.1,205.72,203.32,25897340,207.86,208.55,203.53,26066130,205.86,207.19,205.06,208.5
09/04/15,53142590,112.49,112.78,110.04,61681250,110.23,112.34,109.13,76562170,110.15,111.88,107.36,108.97
05/29/2020,33449100,316.77,323.44,315.63,28236270,316.14,318.71,313.09,31380450,323.5,324.24,316.5,319.25
09/16/2015,43218350,115.93,116.53,114.42,58279570,116.58,116.89,114.86,49793750,111.79,114.21,111.76,116.25
04/25/2017,17117710,143.5,143.95,143.18,17290900,142.44,142.68,141.85,23294040,141.22,142.92,141.16,143.91
10/08/18,33507770,227.96,228.41,220.58,31961120,230.78,232.35,226.73,28540490,230.05,233.47,229.78,222.21
02/09/17,22941650,131.35,132.22,131.22,38158410,130.54,132.09,130.45,26784530,129.13,130.5,128.9,131.65
05/25/2018,23129400,188.77,188.84,186.21,19966590,186.35,188.5,185.76,15228270,188.38,188.88,186.78,188.23
01/23/2018,27052000,177.3,177.78,176.6,31306390,178.61,179.58,177.41,31087330,179.37,180.1,178.25,177.3
08/04/15,69639900,121.5,122.57,117.52,42832890,122.6,122.64,120.91,33400950,122.32,122.57,121.71,117.42
03/12/18,32130360,177.96,180.0,177.39,24518850,175.48,177.12,175.07,31686450,174.94,175.85,174.27,180.29
02/11/19,23793830,168.99,170.66,168.42,31644240,172.4,173.94,170.34,28204640,174.65,175.57,172.85,171.05
02/25/2016,36192150,93.98,96.38,93.32,31851180,96.4,96.5,94.55,34240470,96.31,96.9,95.92,96.05
09/19/2017,28157630,160.11,160.5,158.0,48846060,158.47,160.97,158.0,23637310,158.99,159.4,158.09,159.51
07/02/19,27316740,203.17,204.49,200.65,31110640,198.68,199.5,197.05,20899720,200.29,201.57,199.57,201.41
05/13/2019,41208710,197.42,198.85,192.77,34908610,200.4,201.68,196.66,26339500,201.9,205.34,201.75,187.71
06/02/20,20254650,317.75,322.35,317.21,38399530,319.25,321.15,316.47,33449100,316.77,323.44,315.63,320.75
03/08/19,24755470,173.87,174.44,172.02,20755140,174.67,175.49,173.94,19238480,175.94,176.0,174.54,170.32
02/09/18,54145930,160.29,161.0,155.03,51467440,163.09,163.4,159.07,68171940,154.83,163.72,154.0,157.07
04/30/2020,34320200,284.73,289.67,283.89,28001190,285.08,285.83,278.2,29271890,281.8,284.54,279.95,289.96
04/03/19,22727370,191.09,194.46,191.05,27308200,191.64,191.68,188.38,23524830,189.83,190.08,188.54,193.25
02/05/20,34154130,315.31,319.64,313.63,43496400,304.3,313.49,302.22,49897100,320.93,322.68,308.29,323.52
01/05/17,21081620,115.85,116.51,115.75,28769220,115.8,116.33,114.76,30555900,116.65,117.2,115.43,115.92
04/20/2020,53812480,284.69,286.95,276.86,39281290,287.38,288.2,282.35,32788640,282.4,286.33,280.63,277.95
03/29/2018,41464880,167.25,170.02,165.19,39824200,173.68,175.15,166.92,36778560,168.07,173.1,166.44,167.81
09/03/19,21162560,210.16,210.45,207.2,21007650,208.5,209.32,206.66,15957630,204.1,205.72,203.32,206.43
01/15/2020,40653460,316.7,317.57,312.17,30521720,311.64,317.07,311.15,35217270,310.6,312.67,308.25,311.85
01/26/2018,41438280,174.51,174.95,170.53,51368540,177.25,177.3,173.2,32395870,177.3,179.44,176.82,172.0
02/17/2016,48032600,95.02,96.85,94.61,40323020,94.19,94.5,93.01,49979700,93.79,94.72,92.59,96.67
04/03/18,37425640,167.88,168.94,164.47,38116290,167.81,171.75,166.9,41464880,167.25,170.02,165.19,167.64
03/25/2020,71882770,236.36,247.69,234.3,84188210,228.08,228.5,212.61,100423300,247.18,251.83,228.0,250.75
11/16/2018,46271660,188.39,191.97,186.9,60547340,193.9,194.48,185.93,46725710,191.63,197.18,191.45,190.5
05/01/17,20783460,144.09,144.3,143.27,14198660,143.92,144.16,143.31,19998050,144.47,144.6,143.38,145.1
05/27/2016,56293490,99.68,100.73,98.64,38258300,98.67,99.74,98.11,35074380,97.22,98.09,96.84,99.44
04/26/2018,28331540,162.62,165.42,162.41,33674960,165.67,166.33,161.22,36396590,166.84,166.92,164.09,164.12
10/17/2018,28802550,218.93,222.99,216.76,30280450,221.16,221.83,217.27,39494770,220.42,222.88,216.84,222.3
07/09/18,17426160,185.42,188.43,185.2,16543880,185.26,186.41,184.28,13954810,187.79,187.95,183.54,189.5
08/04/16,30148360,104.81,105.84,104.77,33770220,106.05,106.07,104.0,38018910,104.41,106.15,104.41,105.58
04/07/16,26178840,110.23,110.98,109.2,26560420,109.51,110.73,109.42,37322930,110.42,112.19,110.27,109.95
04/01/16,25763840,109.72,109.9,108.88,45547590,108.65,110.42,108.6,31154910,104.89,107.79,104.88,108.78
01/29/2018,39075250,172.0,172.0,170.06,41438280,174.51,174.95,170.53,51368540,177.25,177.3,173.2,170.16
06/22/2018,25649240,187.25,188.35,184.94,20490090,186.35,187.2,185.73,33538550,185.14,186.33,183.45,186.12
04/30/2018,35617230,164.0,164.33,160.63,27850370,164.12,165.73,163.37,28331540,162.62,165.42,162.41,162.13
03/25/2019,42287640,195.34,197.69,190.78,50943120,190.02,196.33,189.81,31003380,186.23,189.49,184.73,191.51
02/04/16,45870130,95.0,96.84,94.08,37190500,95.42,96.04,94.28,40814360,96.47,96.71,95.4,95.86
01/13/2016,49046150,100.55,100.69,98.84,49687870,98.97,99.06,97.34,70722000,98.55,99.11,96.76,100.32
04/05/19,19090050,194.79,196.37,193.14,23243160,193.25,196.5,193.15,22727370,191.09,194.46,191.05,196.45
10/27/2017,16916650,157.23,157.83,156.78,21175670,156.91,157.55,155.27,17633730,156.29,157.42,156.2,159.29
11/16/2016,32230590,106.57,107.68,106.16,50901380,107.71,107.81,104.08,34117030,107.12,108.87,106.55,106.7
03/21/2018,19620520,175.24,176.8,174.94,32931110,177.32,177.47,173.66,38313330,178.65,179.12,177.62,175.04
10/31/2016,36792100,113.87,115.21,113.45,31396130,115.39,115.86,114.1,66028640,114.31,115.7,113.31,113.65
04/05/16,37322930,110.42,112.19,110.27,25820460,108.78,110.0,108.2,25763840,109.72,109.9,108.88,109.51
10/20/2016,19977160,117.25,117.76,113.8,24308210,118.18,118.21,117.45,23583810,117.33,117.84,116.78,116.86
02/21/2018,33690660,172.05,174.26,171.42,40113790,172.36,174.82,171.77,50908540,169.79,173.09,169.0,172.83
04/13/2020,40529120,268.7,270.07,264.7,42223820,262.74,267.37,261.23,50721830,270.8,271.7,259.0,268.31
10/16/2018,30280450,221.16,221.83,217.27,39494770,220.42,222.88,216.84,52902320,214.52,219.5,212.32,218.93
02/08/17,38158410,130.54,132.09,130.45,26784530,129.13,130.5,128.9,24460160,128.31,129.19,128.16,131.35
02/26/2020,57668360,300.95,302.53,286.13,55548830,297.26,304.18,289.23,32426420,318.62,320.45,310.5,286.53
09/28/2016,24587490,113.0,113.18,112.34,29800240,111.64,113.39,111.55,52411070,114.42,114.79,111.55,113.69
08/14/2018,25864510,207.7,210.95,207.7,24592460,207.36,209.1,206.67,23389530,207.28,209.78,207.2,210.16
02/14/2019,22389660,171.39,172.48,169.92,22224400,170.1,171.0,169.7,20940020,171.05,171.21,169.25,169.71
09/30/2019,25361290,220.54,220.96,217.28,19088310,220.0,220.94,218.83,22481010,218.55,221.5,217.14,220.9
05/29/2019,27948160,178.92,180.59,177.91,23714690,180.2,182.14,178.62,36529740,179.8,180.54,177.81,176.42
10/21/2016,24100150,116.86,117.38,116.33,19977160,117.25,117.76,113.8,24308210,118.18,118.21,117.45,116.81
08/07/18,25396100,208.0,209.25,207.07,33408050,207.03,208.74,205.48,62317430,200.58,208.38,200.35,209.32
02/04/19,32644590,166.96,168.98,165.93,40613260,166.11,169.0,164.56,60800480,163.25,166.15,160.23,167.41
09/11/15,62800770,110.27,113.28,109.9,84757780,113.76,114.02,109.77,54507300,111.65,112.56,110.32,111.79
02/20/2018,40113790,172.36,174.82,171.77,50908540,169.79,173.09,169.0,40382890,163.05,167.54,162.88,172.05
11/09/16,24129630,110.31,111.72,109.7,32361930,110.08,110.51,109.46,30790930,108.53,110.25,108.11,109.88
09/03/15,61681250,110.23,112.34,109.13,76562170,110.15,111.88,107.36,56111590,112.03,114.53,112.0,112.49
07/20/2018,20182050,189.69,192.55,189.69,16365720,191.78,191.8,189.93,15515000,189.75,191.87,189.2,191.78
10/03/16,36340670,112.46,113.37,111.8,35850010,113.16,113.8,111.8,29608390,113.69,114.64,113.43,112.71
12/31/2015,25184090,108.58,108.7,107.18,30912260,106.96,109.43,106.86,26639930,107.59,107.69,106.18,107.01
10/16/2019,23040480,236.39,237.65,234.88,24413480,234.9,238.13,234.67,41990210,232.95,237.64,232.31,233.37
10/08/15,46717770,111.74,111.77,109.41,48702200,110.63,111.74,109.77,52033100,109.88,111.37,109.07,110.19
06/14/2018,21480120,192.42,192.88,190.44,16859020,191.39,192.61,191.15,18069930,191.35,191.97,190.21,191.55
01/30/2020,54149930,324.45,327.85,321.38,40558490,312.6,318.4,312.19,40485010,310.06,311.77,304.88,320.54
01/17/2019,30483120,153.08,155.88,153.0,28449940,150.27,153.39,150.05,32018540,150.85,151.27,149.22,154.2
09/11/18,39194720,220.95,221.85,216.47,37418910,221.85,225.37,220.71,34121240,226.23,227.35,221.3,218.01
07/26/2019,13909560,208.89,209.24,206.73,14991570,207.67,209.15,207.17,18355210,208.46,208.91,207.29,207.48
09/18/2015,63712340,115.66,116.49,113.72,37080720,116.25,116.54,115.44,43218350,115.93,116.53,114.42,112.21
07/25/2017,21466370,150.58,152.44,149.9,25111310,149.99,150.44,148.88,17170490,151.5,151.74,150.19,151.8
11/09/17,24358920,174.66,176.24,174.33,24332120,173.91,175.25,173.6,34770480,172.37,174.99,171.72,175.11
09/16/2019,39763300,220.0,220.79,217.02,32226670,224.8,226.42,222.86,44289650,218.07,223.71,217.73,217.73
03/15/2018,29334630,180.32,180.52,177.81,31464170,182.59,183.5,179.24,32191070,180.29,182.39,180.21,178.5
12/22/2016,23724430,116.8,117.4,116.78,21337310,116.74,117.5,116.68,27756760,115.8,117.38,115.75,116.35
06/25/2019,18220420,198.54,200.16,198.17,47800590,198.8,200.85,198.15,21513990,200.37,200.61,198.03,198.43
05/16/2016,44223040,90.0,91.67,90.0,76183460,92.72,92.78,89.47,28641180,93.48,93.57,92.46,92.39
02/11/16,42288790,95.92,96.35,94.1,44282560,94.29,95.94,93.93,53920550,93.13,95.7,93.04,93.79
08/22/2018,25682700,216.8,217.19,214.03,30149410,218.1,219.18,215.11,35034410,213.44,217.95,213.16,214.1
03/05/19,27413060,175.69,177.75,173.97,25737560,174.28,175.15,172.89,27953810,174.32,174.91,172.92,175.94
02/08/16,46315620,96.52,96.92,93.69,46418230,95.86,97.33,95.19,45870130,95.0,96.84,94.08,93.13
03/07/16,46026600,102.37,103.75,101.37,36884490,100.58,101.71,100.45,33136130,100.51,100.89,99.64,102.39
01/30/2017,20495340,122.14,122.35,121.6,26320740,121.67,122.44,121.6,32417410,120.42,122.1,120.28,120.93
05/24/2018,19966590,186.35,188.5,185.76,15228270,188.38,188.88,186.78,18383080,188.0,189.27,186.91,188.77
10/15/2019,24413480,234.9,238.13,234.67,41990210,232.95,237.64,232.31,28962980,227.93,230.44,227.3,236.39
12/19/2019,29024690,279.8,281.9,279.12,28575800,279.57,281.77,278.8,32081110,277.0,280.79,276.98,279.5
09/22/2015,46594220,113.67,115.37,113.66,73991000,112.21,114.3,111.87,63712340,115.66,116.49,113.72,113.38
03/13/2020,104618500,255.94,270.0,248.0,64094970,277.39,281.22,271.86,71322520,277.14,286.44,269.37,264.89
01/19/2017,23687350,120.0,120.5,119.71,34412090,118.34,120.24,118.22,26083030,119.11,119.62,118.81,119.4
06/08/18,21329170,194.14,194.2,192.34,20912820,193.63,194.08,191.92,21535570,193.07,193.94,192.36,191.17
07/14/2016,25879680,97.41,97.67,96.84,24129530,97.17,97.7,97.12,23317990,96.75,97.65,96.73,97.39
11/08/19,23735080,258.74,260.35,258.11,18966120,256.77,257.49,255.37,19974430,257.05,258.19,256.32,258.69
07/15/2019,17595210,202.45,204.0,202.2,20191840,203.31,204.39,201.71,17897140,201.85,203.73,201.56,204.09
04/18/2019,28865310,199.54,203.38,198.61,25668330,199.46,201.37,198.56,17524150,198.58,199.85,198.01,203.12
03/08/17,17439210,139.06,139.98,138.79,21229890,139.37,139.77,138.6,21555370,138.78,139.83,138.59,138.95
06/01/18,27468700,187.22,188.23,186.14,18503410,187.72,188.0,186.78,22409110,187.6,188.75,186.87,187.99
03/12/19,31123000,175.49,179.12,175.35,23985960,170.32,173.07,169.5,24755470,173.87,174.44,172.02,180.0
02/19/2020,38190550,315.36,319.75,314.61,20028450,324.74,325.98,322.85,23686890,324.19,326.22,323.35,320.0
05/17/2018,19046600,186.07,188.46,186.0,23639070,186.78,187.07,185.1,20393070,189.01,189.53,187.86,188.0
09/15/2016,111186900,108.73,113.03,108.6,62080160,107.51,108.79,107.24,45114590,102.65,105.72,102.53,113.86
12/29/2016,20686510,117.52,118.02,116.2,18131970,116.52,117.8,116.49,14244050,115.59,116.52,115.59,116.45
03/17/2017,19173780,140.72,141.02,140.26,25676720,139.41,140.75,139.03,15281850,139.3,139.65,138.84,141.0
07/10/17,18527000,142.9,144.75,142.9,24110330,143.02,143.5,142.41,21550270,143.69,144.79,142.72,144.11
01/19/2018,31087330,179.37,180.1,178.25,34260230,176.15,179.25,175.07,29512410,177.9,179.39,176.14,178.61
01/05/16,67569090,102.61,105.37,102.0,40885480,107.01,107.03,104.82,25184090,108.58,108.7,107.18,105.75
04/26/2019,18463850,206.83,207.76,205.12,17427570,207.36,208.48,207.05,23286380,204.43,207.75,203.9,204.9
12/23/2015,32728460,107.4,107.72,106.45,47507230,107.28,107.37,105.57,96197190,108.91,109.52,105.81,107.27
12/20/2018,47597670,166.0,167.45,159.09,33753490,165.38,167.53,164.39,43250420,165.45,168.35,162.73,160.4
08/01/19,69281360,216.42,221.37,211.3,33935720,208.76,210.16,207.31,21673390,208.46,210.64,208.44,213.9
12/16/2016,46286150,115.38,116.73,115.23,33962370,115.04,116.2,114.98,43293350,113.84,115.92,113.75,116.47
06/01/17,24452750,153.97,154.17,152.38,20118620,153.42,154.43,153.33,21895020,154.0,154.24,153.31,153.17
04/23/2019,17841920,202.83,204.94,202.34,24185530,203.12,204.15,202.52,28865310,199.54,203.38,198.61,204.43
02/24/2017,20762360,137.38,137.48,136.3,20769030,136.43,137.12,136.11,24487200,136.23,136.75,135.98,135.91
06/28/2016,45595680,93.0,93.05,91.5,75219710,92.91,94.66,92.65,32042290,95.94,96.29,95.25,92.9
07/12/19,20191840,203.31,204.39,201.71,17897140,201.85,203.73,201.56,20578020,199.2,201.51,198.81,202.45
03/15/2017,15281850,139.3,139.65,138.84,17048800,138.85,139.43,138.82,19578920,139.25,139.36,138.64,139.41
03/26/2020,75900510,250.75,258.25,244.3,71882770,236.36,247.69,234.3,84188210,228.08,228.5,212.61,246.52
02/24/2020,32426420,318.62,320.45,310.5,25141490,322.63,324.65,318.21,23495990,320.0,324.57,320.0,297.26
02/22/2018,37378070,172.83,174.12,171.01,33690660,172.05,174.26,171.42,40113790,172.36,174.82,171.77,171.8
05/20/2020,25432390,315.03,318.52,313.01,33843130,313.17,316.5,310.32,41587090,300.35,307.9,300.21,316.68
03/01/17,23446340,137.08,137.44,136.7,20222210,137.14,137.44,136.28,21754600,135.91,136.66,135.28,137.89
09/25/2018,27581270,216.82,221.26,216.63,95584080,220.78,221.36,217.29,26388050,220.24,222.28,219.15,219.75
09/28/2018,29729270,223.82,226.44,223.54,23430370,221.0,223.75,219.76,22811140,219.75,222.82,219.7,224.79
11/25/2016,27420550,111.36,111.51,110.33,25931710,111.95,112.42,111.4,29164190,110.12,111.99,110.01,111.13
09/27/2016,29800240,111.64,113.39,111.55,52411070,114.42,114.79,111.55,31048170,114.35,114.94,114.0,113.0
07/20/2017,20859830,150.48,151.42,149.95,17837130,149.2,150.13,148.67,23765710,148.82,150.9,148.57,151.5
03/18/2020,81013970,247.51,257.61,238.4,80605870,241.95,259.08,240.0,92683030,264.89,279.92,252.95,239.77
03/09/20,56544250,282.0,290.82,281.23,46893220,295.52,299.55,291.41,54794570,296.44,303.4,293.13,263.75
03/05/18,38426060,172.8,176.3,172.45,48706170,178.54,179.78,172.66,37568080,179.26,180.62,178.05,175.21
03/11/20,71322520,277.14,286.44,269.37,71686210,263.75,278.09,263.0,56544250,282.0,290.82,281.23,277.39
09/12/18,35644510,218.01,224.3,216.56,39194720,220.95,221.85,216.47,37418910,221.85,225.37,220.71,224.94
04/18/2017,16529130,141.48,141.88,140.87,17775510,141.91,142.38,141.05,20320420,141.6,142.15,141.01,141.41
10/11/18,41084070,225.46,226.35,216.05,26656630,223.64,227.27,222.25,28784550,222.21,224.8,220.2,214.52
02/29/2016,28949760,97.2,98.02,96.58,27526040,96.05,96.76,95.25,36192150,93.98,96.38,93.32,96.86
08/08/16,39546610,106.27,107.65,106.18,26781730,105.58,106.0,105.28,30148360,104.81,105.84,104.77,107.52
11/27/2018,44662320,174.24,174.95,170.26,23623970,174.94,176.6,172.1,31096240,179.73,180.27,176.55,171.51
03/03/16,33136130,100.51,100.89,99.64,50303500,97.65,100.77,97.42,35131460,96.86,98.23,96.65,100.58
11/17/2017,23598650,171.18,171.87,170.3,28998220,169.97,170.32,168.38,24683350,173.04,173.48,171.18,171.04
09/13/2017,71574560,162.61,163.96,158.77,31506890,160.5,162.05,159.89,28411740,160.86,161.15,158.53,159.87
02/07/20,26356390,322.57,325.22,320.26,29706720,323.52,324.76,318.95,34154130,315.31,319.64,313.63,322.37
03/07/18,23273160,177.91,178.25,176.13,27825140,175.21,177.74,174.52,38426060,172.8,176.3,172.45,174.94
03/31/2016,45547590,108.65,110.42,108.6,31154910,104.89,107.79,104.88,19354440,106.0,106.19,105.06,109.72
04/08/20,50721830,270.8,271.7,259.0,50455070,250.9,263.11,249.38,32470020,242.8,245.7,238.97,262.74
05/28/2019,23714690,180.2,182.14,178.62,36529740,179.8,180.54,177.81,29748560,184.66,185.71,182.55,178.92
08/23/2017,21564890,158.23,160.0,158.02,26330070,157.5,157.89,155.11,27391950,157.86,159.5,156.72,159.07
07/29/2019,17618870,207.48,209.73,207.14,13909560,208.89,209.24,206.73,14991570,207.67,209.15,207.17,208.46
08/19/2019,28813620,204.28,207.16,203.84,27883360,203.46,205.14,199.67,36547440,203.16,206.44,202.59,210.62
12/09/19,26547490,267.48,271.0,267.3,18661340,263.79,265.89,262.73,16810390,261.07,263.31,260.68,270.0
11/10/15,33829290,120.96,121.81,120.05,33009110,121.11,121.81,120.62,39483400,121.85,122.69,120.18,116.9
01/14/2019,26924630,152.88,153.7,151.51,35661200,152.5,153.97,150.86,45034370,151.29,154.53,149.63,150.85
01/17/2020,27207250,313.59,315.7,312.09,30480880,311.85,315.5,309.55,40653460,316.7,317.57,312.17,316.27
12/28/2016,18131970,116.52,117.8,116.49,14244050,115.59,116.52,115.59,26043820,116.35,116.51,115.64,117.52
07/11/19,17897140,201.85,203.73,201.56,20578020,199.2,201.51,198.81,25338630,200.81,201.4,198.41,203.31
09/17/2015,37080720,116.25,116.54,115.44,43218350,115.93,116.53,114.42,58279570,116.58,116.89,114.86,115.66
06/24/2020,53038870,364.0,372.38,362.27,33861320,351.34,359.46,351.15,66118950,354.64,356.56,345.15,365.0
09/24/2018,95584080,220.78,221.36,217.29,26388050,220.24,222.28,219.15,26869880,218.5,219.62,215.3,216.82
09/01/16,31639010,105.66,106.57,105.64,24817940,105.8,106.5,105.5,24900130,106.62,107.44,106.29,106.14
12/19/2018,33753490,165.38,167.53,164.39,43250420,165.45,168.35,162.73,40620360,169.0,169.08,165.28,166.0
10/19/2017,16252850,160.42,160.71,159.6,18969700,159.78,160.87,159.23,24093300,157.9,160.0,157.65,156.75
07/22/2016,32690080,99.83,101.0,99.13,26219110,100.0,100.46,99.74,23766360,99.56,100.0,99.34,99.26
04/20/2018,34693280,174.95,175.39,172.66,20544600,177.81,178.82,176.88,26575010,176.49,178.94,176.41,170.6
09/07/18,34121240,226.23,227.35,221.3,33290830,228.99,229.67,225.1,27363960,228.41,229.18,226.63,221.85
12/03/15,33316990,117.05,118.11,116.08,34806250,118.75,118.81,116.86,38063130,117.99,119.41,117.75,116.55
12/10/19,32182650,270.0,270.8,264.91,26547490,267.48,271.0,267.3,18661340,263.79,265.89,262.73,268.6
07/11/18,15801370,190.71,191.28,190.18,19636390,189.5,190.68,189.3,17426160,185.42,188.43,185.2,188.5
11/30/2015,13046450,118.29,118.41,117.6,21341960,119.21,119.23,117.92,42747950,117.33,119.35,117.12,117.99
05/16/2018,23639070,186.78,187.07,185.1,20393070,189.01,189.53,187.86,26167950,189.49,190.06,187.45,186.07
10/23/2019,22684000,241.16,242.2,239.62,22367480,237.52,240.99,237.32,24377170,234.59,237.58,234.29,242.1
09/15/2015,58279570,116.58,116.89,114.86,49793750,111.79,114.21,111.76,62800770,110.27,113.28,109.9,115.93
06/23/2017,19082170,145.77,146.7,145.12,21247590,145.52,146.07,144.61,24877950,146.87,146.87,144.94,145.13
12/26/2017,16339690,174.68,175.42,174.5,20848660,174.17,176.02,174.1,23451420,174.87,175.42,173.25,170.8
07/21/2015,55204920,130.97,132.97,130.7,45970470,129.08,129.62,128.31,35987630,127.74,128.57,127.35,132.85
06/26/2020,34380630,360.7,365.0,357.57,48155850,365.0,368.79,358.52,53038870,364.0,372.38,362.27,364.41
07/08/16,24460850,95.7,96.5,95.62,30877540,94.6,95.66,94.37,27553750,95.39,95.4,94.46,96.49
10/24/2016,22527690,116.81,116.91,116.28,24100150,116.86,117.38,116.33,19977160,117.25,117.76,113.8,117.1
02/06/19,36054570,172.86,175.08,172.35,31384720,167.41,171.66,167.28,32644590,166.96,168.98,165.93,174.65
03/19/2019,26148590,185.8,188.39,185.79,39017490,184.85,187.33,183.74,23527660,183.9,184.1,182.56,188.35
06/13/2017,72187710,145.74,146.09,142.51,64782910,155.19,155.19,146.02,21144040,155.25,155.54,154.4,147.16
11/14/2016,34117030,107.12,108.87,106.55,57097740,111.09,111.09,105.83,59118740,109.88,111.32,108.05,107.71
06/28/2019,20899720,200.29,201.57,199.57,26067510,197.77,200.99,197.35,21070330,198.43,199.26,195.29,198.68
09/12/16,46461610,104.64,105.72,103.13,52955310,107.25,107.27,105.24,42250480,107.83,108.76,107.07,102.65
08/05/16,26781730,105.58,106.0,105.28,30148360,104.81,105.84,104.77,33770220,106.05,106.07,104.0,106.27
02/16/2017,35578640,135.52,136.27,134.62,33054500,133.47,135.09,133.25,22989980,133.08,133.82,132.75,135.67
11/29/2017,26387240,174.3,174.87,171.86,20591090,175.05,175.08,173.34,14026670,175.1,175.5,174.65,172.63
11/15/2016,50901380,107.71,107.81,104.08,34117030,107.12,108.87,106.55,57097740,111.09,111.09,105.83,106.57
06/06/18,21535570,193.07,193.94,192.36,26190620,191.64,193.42,191.35,23377690,187.99,190.26,187.75,193.63
12/09/16,27049830,110.86,112.43,110.6,29976030,109.26,111.19,109.16,26160560,109.5,110.36,109.19,112.31
08/29/2017,25649890,160.14,162.0,159.93,25184600,159.65,160.56,159.27,19782170,160.43,160.74,158.55,160.1
03/27/2017,22355140,141.5,141.74,140.35,20299310,141.26,141.58,140.61,25804820,139.85,141.6,139.76,139.39
10/09/15,61747260,110.19,110.19,108.21,46717770,111.74,111.77,109.41,48702200,110.63,111.74,109.77,110.0
10/05/18,31961120,230.78,232.35,226.73,28540490,230.05,233.47,229.78,24435010,227.25,230.0,226.63,227.96
05/29/2018,17186760,188.23,189.65,187.65,23129400,188.77,188.84,186.21,19966590,186.35,188.5,185.76,187.6
08/14/2019,47539790,201.02,212.14,200.83,22481890,199.62,202.05,199.15,24619750,201.3,202.76,199.29,203.16
08/12/19,24619750,201.3,202.76,199.29,27009520,200.2,203.53,199.39,33364400,195.41,199.56,193.82,199.62
03/10/16,27148530,101.31,101.58,100.27,31538710,100.78,101.76,100.4,35890740,102.39,102.83,100.96,101.41
09/04/19,20059570,206.43,206.98,204.22,21162560,210.16,210.45,207.2,21007650,208.5,209.32,206.66,208.39
03/16/2020,92683030,264.89,279.92,252.95,104618500,255.94,270.0,248.0,64094970,277.39,281.22,271.86,241.95
12/04/19,29377270,258.31,259.53,256.29,23693550,267.27,268.25,263.45,11654360,266.6,268.0,265.9,261.07
02/02/16,40814360,96.47,96.71,95.4,64332440,94.79,97.34,94.35,55622370,93.79,94.52,92.39,95.42
11/07/16,30790930,108.53,110.25,108.11,26538700,110.98,111.46,109.55,28174980,111.4,112.35,111.23,110.08
12/22/2015,47507230,107.28,107.37,105.57,96197190,108.91,109.52,105.81,44654830,112.02,112.25,108.98,107.4
12/26/2019,12119710,284.69,284.89,282.92,24677880,280.53,284.25,280.37,69032740,282.23,282.65,278.56,284.82
07/15/2015,31695870,126.04,126.37,125.04,41365600,125.03,125.76,124.32,61292800,121.94,123.85,121.21,125.72
11/20/2018,41626820,190.0,190.7,184.99,36191330,190.5,194.97,189.46,46271660,188.39,191.97,186.9,178.37
09/09/16,52955310,107.25,107.27,105.24,42250480,107.83,108.76,107.07,26645130,107.9,108.3,107.51,104.64
07/02/18,22551660,186.29,187.19,182.91,17352380,184.1,186.21,183.8,24987260,185.23,187.28,184.03,183.82
08/26/2016,25001730,107.39,107.88,106.68,23606240,108.57,108.75,107.68,21236850,108.59,109.32,108.53,107.41
07/06/18,16543880,185.26,186.41,184.28,13954810,187.79,187.95,183.54,17675210,183.82,187.3,183.42,185.42
08/02/17,33669020,149.1,150.22,148.41,19690420,149.9,150.33,148.13,17192770,149.89,150.23,149.19,159.28
02/21/2019,25323890,171.19,173.32,170.99,18958570,169.71,171.44,169.49,24603320,171.25,171.7,169.75,171.8
12/24/2018,95497900,156.86,158.16,149.63,64398230,160.4,162.11,155.3,47597670,166.0,167.45,159.09,148.15
07/08/20,28106110,375.41,378.62,372.23,29663910,370.0,375.78,369.87,28510370,367.85,370.47,363.64,376.72
02/01/19,40613260,166.11,169.0,164.56,60800480,163.25,166.15,160.23,39914850,156.25,158.13,154.11,166.96
10/20/2015,29723750,110.8,111.75,110.11,38794930,111.78,112.0,110.53,37622200,110.93,112.1,110.49,111.34
08/16/2018,28595230,209.22,210.74,208.33,20679270,210.16,210.56,208.26,25864510,207.7,210.95,207.7,211.75
07/17/2015,35987630,127.74,128.57,127.35,33559770,125.72,127.15,125.58,31695870,126.04,126.37,125.04,129.08
02/23/2017,20769030,136.43,137.12,136.11,24487200,136.23,136.75,135.98,22163280,135.1,135.83,135.1,137.38
07/18/2016,30031410,98.92,99.3,98.5,38885980,97.39,98.99,97.32,25879680,97.41,97.67,96.84,98.7
10/30/2019,35709870,248.97,249.75,242.57,24143240,247.42,249.25,246.72,18369300,243.16,246.73,242.88,244.76
09/21/2018,26388050,220.24,222.28,219.15,26869880,218.5,219.62,215.3,31495630,217.79,221.85,217.12,220.78
01/08/20,27877660,299.84,300.9,297.48,29644640,293.79,299.96,292.75,36633880,297.15,300.58,296.5,297.16
08/24/2016,21236850,108.59,109.32,108.53,25784420,108.86,109.1,107.85,25108890,108.77,109.69,108.36,108.57
05/30/2018,22409110,187.6,188.75,186.87,17186760,188.23,189.65,187.65,23129400,188.77,188.84,186.21,187.72
02/28/2020,80151380,281.1,286.0,272.96,49678430,286.53,297.88,286.5,57668360,300.95,302.53,286.13,257.26
09/10/15,84757780,113.76,114.02,109.77,54507300,111.65,112.56,110.32,49904460,108.97,110.45,108.51,110.27
10/17/2019,19286690,233.37,235.24,233.2,23040480,236.39,237.65,234.88,24413480,234.9,238.13,234.67,235.09
10/23/2015,41430660,114.33,115.5,114.1,42276880,114.0,115.58,113.7,48929200,111.34,114.17,110.82,116.7
11/12/18,34317760,205.55,206.01,202.25,25289270,209.98,210.12,206.75,33291640,205.97,210.06,204.13,199.0
07/10/19,20578020,199.2,201.51,198.81,25338630,200.81,201.4,198.41,17265520,203.35,205.08,202.9,201.85
03/30/2020,51054150,252.75,255.87,247.05,63140170,246.52,258.68,246.36,75900510,250.75,258.25,244.3,250.74
12/30/2019,36592940,291.12,293.97,288.12,23334000,284.82,289.98,284.7,12119710,284.69,284.89,282.92,289.46
04/30/2019,22010360,204.4,205.97,203.86,18612770,204.9,205.0,202.12,18463850,206.83,207.76,205.12,203.06
08/11/17,39636190,159.9,160.0,154.63,26060430,159.26,161.27,159.11,36127490,158.6,161.83,158.27,156.6
03/22/2019,50943120,190.02,196.33,189.81,31003380,186.23,189.49,184.73,31440300,188.35,188.99,185.92,195.34
08/21/2015,68176940,114.08,114.35,111.63,48079330,116.1,116.52,114.68,34525630,116.43,117.44,116.01,110.43
01/24/2017,21982000,120.0,120.81,119.77,29922650,120.45,120.45,119.73,25554290,119.4,120.09,119.37,119.55
07/13/2018,18000180,189.53,191.41,189.31,18776390,188.5,189.78,187.61,15801370,190.71,191.28,190.18,191.08
06/22/2017,21247590,145.52,146.07,144.61,24877950,146.87,146.87,144.94,32203640,143.66,146.74,143.66,145.77
06/24/2016,32042290,95.94,96.29,95.25,29124140,96.25,96.89,95.35,35407050,94.94,96.35,94.68,92.91
07/19/2018,16365720,191.78,191.8,189.93,15515000,189.75,191.87,189.2,15009800,191.52,192.65,190.42,189.69
11/13/2015,32461350,116.26,116.82,115.65,45179400,116.37,117.42,115.21,59029400,116.9,118.07,116.06,115.2
03/06/19,19238480,175.94,176.0,174.54,27413060,175.69,177.75,173.97,25737560,174.28,175.15,172.89,174.67
11/01/18,38016810,216.88,220.45,216.62,36487930,211.15,215.18,209.27,45713690,219.19,219.69,206.09,219.05
11/11/19,17520500,258.69,260.44,256.85,23735080,258.74,260.35,258.11,18966120,256.77,257.49,255.37,258.3
05/28/2020,28236270,316.14,318.71,313.09,31380450,323.5,324.24,316.5,20450750,315.77,319.23,315.35,316.77
06/19/2018,18458410,187.88,189.22,187.2,61438290,190.03,190.16,188.26,21584720,191.55,191.57,190.22,185.14
10/01/19,26318580,220.9,224.58,220.79,25361290,220.54,220.96,217.28,19088310,220.0,220.94,218.83,225.07
11/29/2016,27054320,111.43,112.47,111.39,11475920,111.13,111.87,110.95,27420550,111.36,111.51,110.33,110.78
08/18/2015,40827260,116.04,117.65,115.5,42876370,114.32,116.31,114.01,48407640,116.04,116.4,114.54,116.43
11/04/19,37781330,249.54,255.93,249.16,34790520,247.24,249.17,237.26,31130520,244.76,245.3,241.21,257.33
06/06/17,25277680,154.34,154.45,153.46,27715140,153.58,155.45,152.89,16383610,153.17,153.33,152.22,153.9
12/01/17,41484540,170.43,172.14,168.44,41459120,172.63,172.92,167.16,26387240,174.3,174.87,171.86,169.95
10/29/2019,24143240,247.42,249.25,246.72,18369300,243.16,246.73,242.88,17916260,244.51,244.8,241.81,248.97
06/15/2018,21584720,191.55,191.57,190.22,21480120,192.42,192.88,190.44,16859020,191.39,192.61,191.15,190.03
04/26/2016,27997990,105.0,105.65,104.51,33655810,105.01,106.48,104.62,31416910,106.93,106.93,105.52,103.91
07/31/2015,33400950,122.32,122.57,121.71,36912040,123.15,123.5,122.27,33570380,123.38,123.91,122.55,122.6
07/25/2018,18680930,192.45,193.66,192.05,15955820,190.68,191.96,189.56,20670830,191.78,192.43,190.17,193.06
03/24/2020,84188210,228.08,228.5,212.61,100423300,247.18,251.83,228.0,67964260,247.39,252.84,242.61,236.36
05/05/16,40984160,95.2,95.9,93.82,56770080,94.2,95.74,93.68,47844490,93.97,94.08,92.4,94.0
03/08/18,31686450,174.94,175.85,174.27,23273160,177.91,178.25,176.13,27825140,175.21,177.74,174.52,175.48
11/24/2017,25558680,173.36,175.0,173.05,25047130,170.78,173.7,170.78,16041550,170.29,170.56,169.56,175.1
08/02/19,54017920,213.9,218.03,206.74,69281360,216.42,221.37,211.3,33935720,208.76,210.16,207.31,205.53
08/30/2019,21007650,208.5,209.32,206.66,15957630,204.1,205.72,203.32,25897340,207.86,208.55,203.53,210.16
11/13/2019,21847230,261.55,262.79,260.92,20507460,258.3,262.47,258.28,17520500,258.69,260.44,256.85,261.13
12/27/2019,23334000,284.82,289.98,284.7,12119710,284.69,284.89,282.92,24677880,280.53,284.25,280.37,291.12
11/23/2016,25931710,111.95,112.42,111.4,29164190,110.12,111.99,110.01,28310840,109.72,110.54,109.66,111.36
12/14/2015,46810020,115.19,115.39,112.85,29158640,116.04,116.94,115.51,46301930,117.64,117.69,115.08,112.18
06/03/16,40170200,97.6,97.84,96.63,29139100,99.02,99.54,98.33,42268040,99.6,100.4,98.82,97.79
10/11/19,28962980,227.93,230.44,227.3,19029420,227.03,227.79,225.64,29282700,225.82,228.06,224.33,232.95
05/08/20,28803760,303.22,305.17,301.97,35583440,300.46,303.24,298.87,36937800,295.06,301.0,294.46,305.64
10/05/17,20088940,153.63,153.86,152.46,16216800,154.01,155.09,153.91,18631540,154.26,154.45,152.72,154.18
02/03/20,49897100,320.93,322.68,308.29,31685810,320.54,324.09,318.75,54149930,324.45,327.85,321.38,304.3
10/12/16,63963010,117.7,118.69,116.2,36087910,115.02,116.75,114.72,24336440,114.31,114.56,113.51,117.35
04/05/18,34581850,164.88,172.01,164.77,30237640,167.64,168.75,164.88,37425640,167.88,168.94,164.47,172.58
09/11/17,28411740,160.86,161.15,158.53,21905160,162.09,162.24,160.36,21610300,162.71,162.99,160.52,160.5
04/19/2016,60784920,108.89,108.95,106.94,46873670,112.11,112.3,109.73,25364920,111.62,112.39,111.33,107.88
09/21/2015,73991000,112.21,114.3,111.87,63712340,115.66,116.49,113.72,37080720,116.25,116.54,115.44,113.67
08/06/18,33408050,207.03,208.74,205.48,62317430,200.58,208.38,200.35,67812280,199.13,201.76,197.31,208.0
08/27/2018,18457720,216.6,216.9,215.11,18505780,214.65,217.05,214.6,18965930,214.1,216.36,213.84,217.15
06/03/20,21910700,320.75,323.44,318.93,20254650,317.75,322.35,317.21,38399530,319.25,321.15,316.47,324.66
08/25/2017,19782170,160.43,160.74,158.55,19376940,159.07,160.47,158.88,21564890,158.23,160.0,158.02,159.65
07/16/2015,33559770,125.72,127.15,125.58,31695870,126.04,126.37,125.04,41365600,125.03,125.76,124.32,127.74
12/07/15,57717870,115.29,119.25,115.11,41511380,116.55,116.79,114.22,33316990,117.05,118.11,116.08,118.98
04/21/2016,30576980,106.64,108.09,106.06,32340620,107.88,108.0,106.23,60784920,108.89,108.95,106.94,106.93
01/24/2019,23046560,154.15,155.14,151.7,30273990,156.41,156.73,152.62,33259460,157.5,157.88,155.98,154.11
10/05/16,29707270,113.06,114.31,112.63,21634520,112.71,113.05,112.28,36340670,112.46,113.37,111.8,113.4
02/22/2016,35290570,96.0,96.76,95.8,38866100,98.84,98.89,96.09,44811800,96.67,98.21,96.15,96.31
12/28/2018,51608850,155.84,156.77,150.07,58133850,148.3,157.23,146.72,37169230,148.15,151.55,146.59,157.5
09/17/2018,31801970,225.75,226.84,222.52,41411350,223.52,228.35,222.57,49118510,224.94,225.0,219.84,222.15
06/20/2019,21124240,199.68,199.88,197.31,26551000,196.05,200.29,195.21,14669140,192.9,194.96,192.17,200.37
03/09/16,31538710,100.78,101.76,100.4,35890740,102.39,102.83,100.96,46026600,102.37,103.75,101.37,101.31
08/06/19,52392970,197.99,198.65,192.58,40862120,205.53,206.43,201.63,54017920,213.9,218.03,206.74,196.31
10/01/18,22560440,224.79,225.84,224.02,29729270,223.82,226.44,223.54,23430370,221.0,223.75,219.76,227.95
12/11/18,61759000,165.0,170.09,163.33,41678680,173.49,174.49,168.3,42704910,171.76,174.78,170.42,171.66
04/10/17,16658660,143.73,144.18,143.27,21131040,144.29,144.52,143.45,27649500,144.22,145.46,143.81,143.6
10/24/2019,19932550,242.1,243.24,241.22,22684000,241.16,242.2,239.62,22367480,237.52,240.99,237.32,244.51
06/11/20,41662940,347.9,354.77,346.09,36928090,332.14,345.61,332.01,23913630,330.25,333.6,327.32,349.31
02/24/2016,31851180,96.4,96.5,94.55,34240470,96.31,96.9,95.92,35290570,96.0,96.76,95.8,93.98
03/18/2016,34394830,105.52,106.47,104.96,38236730,104.61,106.31,104.59,40026250,103.96,105.18,103.85,106.34
12/08/16,29976030,109.26,111.19,109.16,26160560,109.5,110.36,109.19,34113880,110.0,110.03,108.25,110.86
02/26/2018,33772050,173.67,175.65,173.54,30953760,171.8,173.95,171.71,37378070,172.83,174.12,171.01,176.35
04/09/20,42223820,262.74,267.37,261.23,50721830,270.8,271.7,259.0,50455070,250.9,263.11,249.38,268.7
06/10/19,30684390,186.51,191.92,185.77,22526310,183.08,185.47,182.15,29773430,184.28,184.99,181.14,191.81
10/30/2015,51106100,118.7,120.69,118.27,85436210,116.93,119.3,116.06,67673450,115.4,116.54,113.99,120.99
05/31/2019,21218410,177.95,179.23,176.67,28481170,176.42,179.35,176.0,27948160,178.92,180.59,177.91,176.23
10/25/2016,23492650,117.1,117.74,117.0,22527690,116.81,116.91,116.28,24100150,116.86,117.38,116.33,117.95
10/03/17,18631540,154.26,154.45,152.72,26204670,153.21,154.13,152.0,21983410,153.89,154.28,152.7,154.01
01/22/2019,33259460,157.5,157.88,155.98,29616190,154.2,157.66,153.26,30483120,153.08,155.88,153.0,156.41
03/22/2016,35454230,105.93,107.65,105.14,43607120,106.34,106.5,105.19,34394830,105.52,106.47,104.96,105.25
08/04/17,26604140,157.05,157.21,155.02,69726440,159.28,159.75,156.16,33669020,149.1,150.22,148.41,156.07
12/01/16,36151450,111.6,112.2,110.27,28507780,110.78,112.03,110.07,27054320,111.43,112.47,111.39,110.37
02/23/2016,34240470,96.31,96.9,95.92,35290570,96.0,96.76,95.8,38866100,98.84,98.89,96.09,96.4
05/19/2017,33520150,151.27,153.34,151.13,50674280,153.6,154.57,149.71,19994270,155.94,156.06,154.72,153.38
02/22/2017,24487200,136.23,136.75,135.98,22163280,135.1,135.83,135.1,22539860,135.67,135.9,134.84,136.43
05/04/18,33944110,175.88,177.5,174.44,66454720,175.23,177.75,173.8,52228910,166.41,169.2,165.27,178.25
08/23/2016,25784420,108.86,109.1,107.85,25108890,108.77,109.69,108.36,21918340,109.23,109.6,109.02,108.59
10/11/17,15603520,156.06,158.0,155.1,16243080,155.81,156.73,155.49,17223790,154.97,155.49,154.56,155.97
08/01/17,19690420,149.9,150.33,148.13,17192770,149.89,150.23,149.19,32429770,153.75,153.99,147.3,149.1
10/15/2015,44434220,111.29,111.52,109.56,32970790,110.82,112.45,110.68,30386830,112.73,112.75,111.44,110.93
09/13/2018,49118510,224.94,225.0,219.84,35644510,218.01,224.3,216.56,39194720,220.95,221.85,216.47,223.52
12/13/2018,35474680,170.4,171.92,169.02,45968040,171.66,171.79,167.0,61759000,165.0,170.09,163.33,170.49
10/30/2017,44387770,159.29,163.6,158.7,16916650,157.23,157.83,156.78,21175670,156.91,157.55,155.27,163.89
07/06/16,27553750,95.39,95.4,94.46,25982080,95.49,96.47,95.33,35783320,94.44,95.77,94.3,94.6
08/15/2017,22074760,159.32,160.21,158.75,26208970,156.6,158.57,156.07,39636190,159.9,160.0,154.63,160.66
11/05/18,91046560,209.55,213.65,205.43,52954070,219.05,222.36,216.81,38016810,216.88,220.45,216.62,204.3
01/10/19,45034370,151.29,154.53,149.63,40622910,149.56,151.82,148.52,54571440,148.7,148.83,145.9,152.5
11/14/2018,46725710,191.63,197.18,191.45,50991030,199.0,199.85,193.79,34317760,205.55,206.01,202.25,193.9
03/23/2020,100423300,247.18,251.83,228.0,67964260,247.39,252.84,242.61,75058410,239.77,250.0,237.12,228.08
11/05/15,44829060,123.13,123.82,121.62,45479260,120.79,123.49,120.7,32152870,119.87,121.36,119.61,121.85
09/24/2015,35678360,113.63,114.72,113.3,50278030,113.38,114.18,112.52,46594220,113.67,115.37,113.66,113.25
07/12/18,18776390,188.5,189.78,187.61,15801370,190.71,191.28,190.18,19636390,189.5,190.68,189.3,189.53
12/30/2016,14979680,116.45,117.11,116.4,20686510,117.52,118.02,116.2,18131970,116.52,117.8,116.49,116.65
01/25/2018,51368540,177.25,177.3,173.2,32395870,177.3,179.44,176.82,27052000,177.3,177.78,176.6,174.51
01/24/2020,26117990,317.92,319.56,315.65,25458120,318.58,319.99,317.31,27710810,317.19,319.02,316.0,320.25
11/07/18,31774720,201.92,204.72,201.69,66072170,204.3,204.39,198.17,91046560,209.55,213.65,205.43,205.97
02/15/2018,40382890,163.05,167.54,162.88,32483310,161.95,164.75,161.65,60774900,158.5,163.89,157.51,169.79
02/12/18,70583530,157.07,157.89,150.24,54145930,160.29,161.0,155.03,51467440,163.09,163.4,159.07,158.5
03/02/20,106721200,257.26,278.41,256.37,80151380,281.1,286.0,272.96,49678430,286.53,297.88,286.5,282.28
11/22/2016,29164190,110.12,111.99,110.01,28310840,109.72,110.54,109.66,27623150,109.81,110.35,108.83,111.95
09/29/2015,51861990,113.85,114.57,112.44,56005550,116.44,116.69,114.02,50061580,113.25,115.5,112.37,112.83
07/11/17,21080580,144.11,145.95,143.37,18527000,142.9,144.75,142.9,24110330,143.02,143.5,142.41,144.73
07/16/2018,12506830,191.08,191.84,190.9,18000180,189.53,191.41,189.31,18776390,188.5,189.78,187.61,191.52
08/29/2016,27744300,107.41,107.95,106.31,25001730,107.39,107.88,106.68,23606240,108.57,108.75,107.68,106.62
08/18/2016,25328680,109.1,109.37,108.34,33754680,109.63,110.23,109.21,25704330,108.14,109.54,108.08,109.23
08/25/2015,161882500,94.87,108.8,92.0,127246600,110.43,111.9,105.65,68176940,114.08,114.35,111.63,111.11
06/22/2020,66118950,354.64,356.56,345.15,24205100,351.41,353.45,349.22,28601630,355.15,355.4,351.09,351.34
12/10/18,41678680,173.49,174.49,168.3,42704910,171.76,174.78,170.42,41141250,180.95,182.39,176.27,165.0
02/07/17,26784530,129.13,130.5,128.9,24460160,128.31,129.19,128.16,33671250,127.98,129.39,127.78,130.54
04/24/2018,36396590,166.84,166.92,164.09,65270950,170.6,171.22,165.43,34693280,174.95,175.39,172.66,165.67
05/07/20,35583440,300.46,303.24,298.87,36937800,295.06,301.0,294.46,33391990,289.17,293.69,286.32,303.22
11/06/19,19974430,257.05,258.19,256.32,25817950,257.33,257.85,255.38,37781330,249.54,255.93,249.16,256.77
11/08/18,33291640,205.97,210.06,204.13,31774720,201.92,204.72,201.69,66072170,204.3,204.39,198.17,209.98
03/23/2018,41335980,170.0,172.68,168.6,36387880,175.04,175.09,171.26,19620520,175.24,176.8,174.94,168.39
06/17/2019,18761470,191.55,193.59,190.3,21674630,194.7,196.79,193.6,18253190,193.95,195.97,193.39,192.9
08/10/16,26296260,108.23,108.94,108.01,28010430,107.52,108.37,107.16,39546610,106.27,107.65,106.18,108.71
10/25/2018,39992120,222.6,224.23,214.54,38681170,215.83,223.25,214.7,28751540,219.79,223.36,218.94,217.71
10/09/17,17223790,154.97,155.49,154.56,21215870,154.18,155.44,154.05,20088940,153.63,153.86,152.46,155.81
05/09/18,28053230,184.99,186.22,183.67,42557530,185.18,187.67,184.75,56137230,178.25,184.25,178.17,186.55
11/04/15,45479260,120.79,123.49,120.7,32152870,119.87,121.36,119.61,49305220,120.99,121.22,119.45,123.13
10/31/2017,44651420,163.89,168.07,163.72,44387770,159.29,163.6,158.7,16916650,157.23,157.83,156.78,167.9
10/10/17,16243080,155.81,156.73,155.49,17223790,154.97,155.49,154.56,21215870,154.18,155.44,154.05,156.06
10/01/15,66300930,110.17,111.54,108.73,73230280,112.83,113.51,107.86,51861990,113.85,114.57,112.44,109.07
08/19/2015,34525630,116.43,117.44,116.01,40827260,116.04,117.65,115.5,42876370,114.32,116.31,114.01,116.1
11/18/2019,25093670,263.68,265.78,263.01,22395560,263.75,264.88,262.1,25817590,261.13,264.78,261.07,265.8
08/17/2016,33754680,109.63,110.23,109.21,25704330,108.14,109.54,108.08,18648700,107.78,108.44,107.78,109.1
07/01/19,31110640,198.68,199.5,197.05,20899720,200.29,201.57,199.57,26067510,197.77,200.99,197.35,203.17
10/17/2016,35626020,117.88,118.17,117.13,35041820,116.79,117.44,115.72,37512930,117.35,117.98,116.75,117.33
03/11/19,23985960,170.32,173.07,169.5,24755470,173.87,174.44,172.02,20755140,174.67,175.49,173.94,175.49
05/31/2016,36299460,99.44,100.47,99.25,56293490,99.68,100.73,98.64,38258300,98.67,99.74,98.11,99.6
06/16/2020,34702230,333.25,345.68,332.58,50036510,344.72,347.8,334.22,50415610,349.31,351.06,335.48,351.46
07/21/2016,26219110,100.0,100.46,99.74,23766360,99.56,100.0,99.34,36464530,98.7,100.13,98.6,99.83
03/26/2019,43751810,191.51,191.98,186.6,42287640,195.34,197.69,190.78,50943120,190.02,196.33,189.81,191.66
06/19/2017,50264540,143.78,144.5,142.2,31642900,143.32,144.48,142.21,31454590,147.5,147.5,143.84,143.66
02/07/18,68171940,154.83,163.72,154.0,72215320,159.1,163.88,156.0,85957050,166.0,166.8,160.1,163.09
02/19/2016,38866100,98.84,98.89,96.09,44811800,96.67,98.21,96.15,48032600,95.02,96.85,94.61,96.0
12/30/2015,30912260,106.96,109.43,106.86,26639930,107.59,107.69,106.18,13596680,109.0,109.0,107.95,108.58
09/22/2016,35951900,113.85,113.99,112.44,34494150,113.05,114.12,112.51,46937190,115.19,116.18,113.25,114.35
08/20/2019,24431920,210.62,212.73,210.03,28813620,204.28,207.16,203.84,27883360,203.46,205.14,199.67,210.88
10/21/2019,24377170,234.59,237.58,234.29,17272900,235.09,236.15,233.52,19286690,233.37,235.24,233.2,237.52
02/21/2017,22163280,135.1,135.83,135.1,22539860,135.67,135.9,134.84,35578640,135.52,136.27,134.62,136.23
02/14/2020,23686890,324.19,326.22,323.35,28432570,321.47,327.22,321.47,23580780,323.6,323.9,318.71,324.74
07/05/17,14277850,144.88,145.3,143.1,22986960,144.45,144.96,143.78,31450520,144.71,145.13,142.28,143.69
06/12/18,18069930,191.35,191.97,190.21,26580710,191.17,192.0,189.77,21329170,194.14,194.2,192.34,191.39
06/28/2017,24725210,145.01,146.16,143.62,25674500,147.17,148.28,145.38,35421310,145.13,147.16,145.11,144.49
06/05/20,21890090,324.39,325.62,320.78,26122800,324.66,326.2,322.3,21910700,320.75,323.44,318.93,323.35
02/07/19,28204640,174.65,175.57,172.85,36054570,172.86,175.08,172.35,31384720,167.41,171.66,167.28,172.4
08/08/17,21827400,157.06,158.92,156.67,20514810,156.07,157.4,155.69,26604140,157.05,157.21,155.02,158.6
05/18/2016,46858910,94.55,94.7,93.01,61192340,92.39,94.39,91.65,44223040,90.0,91.67,90.0,94.16
11/17/2015,37979570,111.38,114.24,111.0,45555300,115.2,115.57,112.27,32461350,116.26,116.82,115.65,114.92
02/01/18,32234520,166.87,168.44,166.5,45635470,165.53,167.37,164.7,50565420,170.16,170.16,167.07,167.17
04/12/16,29357940,108.97,110.61,108.83,23553790,108.91,109.77,108.17,31735810,109.95,110.42,108.12,109.34
03/04/19,25737560,174.28,175.15,172.89,27953810,174.32,174.91,172.92,27817640,173.21,175.0,172.73,175.69
10/18/2018,22692880,222.3,222.64,219.34,28802550,218.93,222.99,216.76,30280450,221.16,221.83,217.27,217.86
02/03/17,33671250,127.98,129.39,127.78,111837300,127.03,130.49,127.01,47767760,121.15,121.39,120.62,128.31
08/27/2019,26066130,205.86,207.19,205.06,46882840,209.43,212.05,201.0,22267820,213.19,214.44,210.75,207.86
09/17/2019,21158140,217.73,220.13,217.56,39763300,220.0,220.79,217.02,32226670,224.8,226.42,222.86,219.96
07/15/2016,38885980,97.39,98.99,97.32,25879680,97.41,97.67,96.84,24129530,97.17,97.7,97.12,98.92
06/20/2016,60793260,96.62,96.65,95.3,31251870,96.45,97.75,96.07,29373050,97.82,98.41,97.03,96.0
02/25/2020,55548830,297.26,304.18,289.23,32426420,318.62,320.45,310.5,25141490,322.63,324.65,318.21,300.95
11/12/15,45179400,116.37,117.42,115.21,59029400,116.9,118.07,116.06,33829290,120.96,121.81,120.05,116.26
03/31/2020,41994110,250.74,255.52,249.4,51054150,252.75,255.87,247.05,63140170,246.52,258.68,246.36,255.6
08/01/16,27697970,104.19,104.55,103.68,38771840,102.83,104.45,102.82,92143920,104.27,104.35,102.75,104.41
05/22/2019,28364850,185.22,188.0,184.7,38612290,183.52,184.35,180.28,32879090,186.93,190.9,186.76,184.66
09/29/2017,21983410,153.89,154.28,152.7,25402270,153.8,154.72,153.54,35907770,151.78,153.92,151.69,153.21
03/06/20,46893220,295.52,299.55,291.41,54794570,296.44,303.4,293.13,79868850,303.67,304.0,285.8,282.0
10/15/2018,39494770,220.42,222.88,216.84,52902320,214.52,219.5,212.32,41084070,225.46,226.35,216.05,221.16
11/11/16,57097740,111.09,111.09,105.83,59118740,109.88,111.32,108.05,24129630,110.31,111.72,109.7,107.12
11/26/2019,21029520,262.71,266.44,262.52,16331260,262.59,263.18,260.84,30348780,263.69,264.01,261.18,266.94
03/20/2020,67964260,247.39,252.84,242.61,75058410,239.77,250.0,237.12,81013970,247.51,257.61,238.4,247.18
03/08/16,35890740,102.39,102.83,100.96,46026600,102.37,103.75,101.37,36884490,100.58,101.71,100.45,100.78
05/18/2017,50674280,153.6,154.57,149.71,19994270,155.94,156.06,154.72,25912270,156.01,156.65,155.05,151.27
03/19/2018,38313330,178.65,179.12,177.62,22676520,178.5,180.24,178.07,29334630,180.32,180.52,177.81,177.32
09/27/2018,23430370,221.0,223.75,219.76,22811140,219.75,222.82,219.7,27581270,216.82,221.26,216.63,223.82
09/20/2017,20565620,159.51,159.77,158.44,28157630,160.11,160.5,158.0,48846060,158.47,160.97,158.0,157.9
10/08/19,30889270,226.27,229.93,225.84,34755550,225.64,227.49,223.89,30352690,218.43,220.96,215.13,225.82
06/11/19,26220850,191.81,195.37,191.62,30684390,186.51,191.92,185.77,22526310,183.08,185.47,182.15,194.86
07/31/2019,33935720,208.76,210.16,207.31,21673390,208.46,210.64,208.44,17618870,207.48,209.73,207.14,216.42
07/31/2018,20912890,191.9,192.2,189.07,23975350,194.99,195.19,190.1,19005150,194.61,195.96,193.61,190.3
09/14/2015,49793750,111.79,114.21,111.76,62800770,110.27,113.28,109.9,84757780,113.76,114.02,109.77,116.58
04/18/2018,26575010,176.49,178.94,176.41,21561320,175.03,176.19,174.83,25100510,174.78,175.84,173.85,177.81
01/21/2020,34454120,316.27,318.74,315.0,27207250,313.59,315.7,312.09,30480880,311.85,315.5,309.55,317.19
12/22/2017,20848660,174.17,176.02,174.1,23451420,174.87,175.42,173.25,27393660,175.03,175.39,174.09,174.68
01/14/2016,62285770,100.32,101.19,97.3,49046150,100.55,100.69,98.84,49687870,98.97,99.06,97.34,97.96
05/02/17,33498270,145.1,147.2,144.96,20783460,144.09,144.3,143.27,14198660,143.92,144.16,143.31,147.54
07/14/2017,25080500,145.5,148.49,145.44,24833800,145.87,146.18,144.82,18647220,144.73,145.85,144.38,147.97
06/25/2018,27185130,186.12,186.15,184.7,25649240,187.25,188.35,184.94,20490090,186.35,187.2,185.73,183.4
12/29/2017,16412270,171.0,171.85,170.48,21477380,170.1,170.78,169.71,33113340,170.8,171.47,169.68,170.52
01/31/2017,30327110,120.93,121.63,120.66,20495340,122.14,122.35,121.6,26320740,121.67,122.44,121.6,121.15
11/06/15,39483400,121.85,122.69,120.18,44829060,123.13,123.82,121.62,45479260,120.79,123.49,120.7,121.11
10/06/16,21400410,113.4,113.66,112.69,29707270,113.06,114.31,112.63,21634520,112.71,113.05,112.28,113.7
01/07/20,29644640,293.79,299.96,292.75,36633880,297.15,300.58,296.5,33911860,296.24,300.6,295.19,299.84
05/17/2017,19994270,155.94,156.06,154.72,25912270,156.01,156.65,155.05,32493770,154.7,156.42,154.67,153.6
03/22/2017,39461130,142.11,142.8,139.73,21258100,140.4,141.5,140.23,43700570,141.0,141.0,139.89,139.85
01/22/2020,27710810,317.19,319.02,316.0,34454120,316.27,318.74,315.0,27207250,313.59,315.7,312.09,318.58
08/20/2018,35034410,213.44,217.95,213.16,27595310,211.75,213.81,211.47,28595230,209.22,210.74,208.33,218.1
07/28/2017,32429770,153.75,153.99,147.3,15649120,153.35,153.93,153.06,18798250,151.8,153.84,151.8,149.89
01/22/2016,52099200,97.06,97.88,94.94,72274300,95.1,98.19,93.42,52960810,98.41,98.65,95.5,98.63
04/16/2020,32788640,282.4,286.33,280.63,48748670,280.0,288.25,278.05,32755730,268.31,273.7,265.83,287.38
02/13/2018,60774900,158.5,163.89,157.51,70583530,157.07,157.89,150.24,54145930,160.29,161.0,155.03,161.95
05/23/2017,22930630,154.0,154.58,152.91,26892850,153.38,153.98,152.63,33520150,151.27,153.34,151.13,154.9
03/21/2017,21258100,140.4,141.5,140.23,43700570,141.0,141.0,139.89,19173780,140.72,141.02,140.26,142.11
01/16/2020,30480880,311.85,315.5,309.55,40653460,316.7,317.57,312.17,30521720,311.64,317.07,311.15,313.59
11/27/2017,14026670,175.1,175.5,174.65,25558680,173.36,175.0,173.05,25047130,170.78,173.7,170.78,175.05
07/20/2016,23766360,99.56,100.0,99.34,36464530,98.7,100.13,98.6,30031410,98.92,99.3,98.5,100.0
06/21/2016,34355970,96.0,96.57,95.03,60793260,96.62,96.65,95.3,31251870,96.45,97.75,96.07,94.94
02/06/20,29706720,323.52,324.76,318.95,34154130,315.31,319.64,313.63,43496400,304.3,313.49,302.22,322.57
12/27/2017,33113340,170.8,171.47,169.68,16339690,174.68,175.42,174.5,20848660,174.17,176.02,174.1,170.1
01/18/2019,29616190,154.2,157.66,153.26,30483120,153.08,155.88,153.0,28449940,150.27,153.39,150.05,157.5
06/14/2019,21674630,194.7,196.79,193.6,18253190,193.95,195.97,193.39,26932880,194.86,196.0,193.6,191.55
11/28/2017,20591090,175.05,175.08,173.34,14026670,175.1,175.5,174.65,25558680,173.36,175.0,173.05,174.3
04/05/17,19865300,143.25,144.89,143.17,19970040,143.71,144.12,143.05,19576480,143.72,144.27,143.01,144.22
03/31/2017,21189000,144.19,144.5,143.5,29174040,143.68,144.49,143.19,33348400,140.91,144.04,140.62,143.72
10/19/2016,24308210,118.18,118.21,117.45,23583810,117.33,117.84,116.78,35626020,117.88,118.17,117.13,117.25
05/01/20,45765970,289.96,294.53,288.35,34320200,284.73,289.67,283.89,28001190,285.08,285.83,278.2,286.25
02/19/2019,24603320,171.25,171.7,169.75,21785180,169.71,171.26,169.38,22389660,171.39,172.48,169.92,169.71
01/12/17,27453130,118.74,119.93,118.6,24432660,118.77,119.38,118.3,33420290,117.95,119.43,117.94,118.9
06/12/17,64782910,155.19,155.19,146.02,21144040,155.25,155.54,154.4,21017560,155.02,155.98,154.48,145.74
09/27/2019,19088310,220.0,220.94,218.83,22481010,218.55,221.5,217.14,31434370,221.03,222.49,217.19,220.54
02/11/20,27337220,314.18,321.55,313.85,29421010,322.37,323.4,318.0,26356390,322.57,325.22,320.26,323.6
07/01/20,35055820,360.08,365.98,360.0,32661520,353.25,362.17,351.28,51314210,364.41,365.32,353.02,365.12
01/22/2018,31306390,178.61,179.58,177.41,31087330,179.37,180.1,178.25,34260230,176.15,179.25,175.07,177.3
04/02/18,38116290,167.81,171.75,166.9,41464880,167.25,170.02,165.19,39824200,173.68,175.15,166.92,167.88
04/23/2020,29264340,273.61,277.9,272.2,45247890,276.28,277.25,265.43,32503750,277.95,281.68,276.85,275.87
06/21/2019,21513990,200.37,200.61,198.03,21124240,199.68,199.88,197.31,26551000,196.05,200.29,195.21,198.8
12/21/2015,96197190,108.91,109.52,105.81,44654830,112.02,112.25,108.98,56157370,111.07,111.99,108.8,107.28
10/02/18,23171020,227.95,229.42,226.35,22560440,224.79,225.84,224.02,29729270,223.82,226.44,223.54,227.25
05/12/16,28641180,93.48,93.57,92.46,33653020,93.33,93.57,92.11,32895650,93.0,93.77,92.59,92.72
05/30/2017,21895020,154.0,154.24,153.31,19217810,153.73,154.35,153.03,19201820,153.84,154.17,152.67,153.42
03/10/17,22117750,138.74,138.79,137.05,18695500,138.95,139.8,138.82,17439210,139.06,139.98,138.79,139.25
10/14/2016,35041820,116.79,117.44,115.72,37512930,117.35,117.98,116.75,63963010,117.7,118.69,116.2,117.88
10/06/17,21215870,154.18,155.44,154.05,20088940,153.63,153.86,152.46,16216800,154.01,155.09,153.91,154.97
04/24/2019,23286380,204.43,207.75,203.9,17841920,202.83,204.94,202.34,24185530,203.12,204.15,202.52,207.36
03/01/19,27953810,174.32,174.91,172.92,27817640,173.21,175.0,172.73,16991610,173.71,175.3,173.17,174.28
12/18/2015,44654830,112.02,112.25,108.98,56157370,111.07,111.99,108.8,53168580,111.94,112.8,110.35,108.91
04/10/19,35738280,200.32,202.85,199.23,25829880,196.42,200.23,196.34,18473070,196.45,197.1,195.93,198.68
12/03/19,23693550,267.27,268.25,263.45,11654360,266.6,268.0,265.9,16386120,265.58,267.98,265.31,258.31
01/09/20,33090950,297.16,304.44,297.16,27877660,299.84,300.9,297.48,29644640,293.79,299.96,292.75,307.24
02/05/16,46418230,95.86,97.33,95.19,45870130,95.0,96.84,94.08,37190500,95.42,96.04,94.28,96.52
03/27/2018,36778560,168.07,173.1,166.44,40984540,168.39,169.92,164.94,41335980,170.0,172.68,168.6,173.68
09/28/2017,25402270,153.8,154.72,153.54,35907770,151.78,153.92,151.69,44366140,149.99,151.83,149.16,153.89
11/14/2017,16956290,173.5,174.5,173.4,25129510,175.11,175.38,174.27,29422610,175.11,176.1,173.14,173.04
04/27/2020,31627180,277.2,283.01,277.0,31203580,275.87,281.75,274.87,29264340,273.61,277.9,272.2,281.8
09/23/2016,31048170,114.35,114.94,114.0,35951900,113.85,113.99,112.44,34494150,113.05,114.12,112.51,114.42
08/17/2017,27607370,161.94,162.51,160.15,29377630,160.66,162.2,160.14,22074760,159.32,160.21,158.75,160.52
05/04/17,45579740,145.59,147.49,144.27,44182930,147.54,148.09,146.84,33498270,145.1,147.2,144.96,146.52
03/16/2017,25676720,139.41,140.75,139.03,15281850,139.3,139.65,138.84,17048800,138.85,139.43,138.82,140.72
02/12/19,20940020,171.05,171.21,169.25,23793830,168.99,170.66,168.42,31644240,172.4,173.94,170.34,170.1
09/23/2015,50278030,113.38,114.18,112.52,46594220,113.67,115.37,113.66,73991000,112.21,114.3,111.87,113.63
12/12/19,19723390,268.81,271.1,268.5,22632380,268.6,270.07,265.86,32182650,270.0,270.8,264.91,267.78
08/23/2018,18965930,214.1,216.36,213.84,25682700,216.8,217.19,214.03,30149410,218.1,219.18,215.11,214.65
06/14/2016,37708360,98.69,99.12,97.1,31672220,98.53,99.35,98.48,26575570,98.5,99.99,98.46,97.32
11/30/2017,41459120,172.63,172.92,167.16,26387240,174.3,174.87,171.86,20591090,175.05,175.08,173.34,170.43
12/04/18,40537700,184.46,184.94,181.21,39424260,180.29,180.33,177.03,41523580,182.66,182.8,177.7,180.95
07/27/2016,53454620,96.82,97.97,96.42,40290580,98.25,98.84,96.92,28218240,99.26,99.3,98.31,104.27
02/01/16,64332440,94.79,97.34,94.35,55622370,93.79,94.52,92.39,133059000,96.04,96.63,93.34,96.47
04/01/19,23524830,189.83,190.08,188.54,20710390,188.95,189.56,187.53,29771210,188.75,189.76,186.55,191.64
06/10/20,36928090,332.14,345.61,332.01,23913630,330.25,333.6,327.32,34312550,323.35,331.75,323.23,347.9
10/17/2017,24093300,157.9,160.0,157.65,16367780,156.73,157.28,156.41,16380570,156.35,157.37,155.73,159.78
05/18/2020,41587090,300.35,307.9,300.21,39732270,304.51,309.79,301.53,50155640,312.15,315.95,303.21,313.17
03/29/2017,33348400,140.91,144.04,140.62,23531670,139.39,141.22,138.62,22355140,141.5,141.74,140.35,143.68
12/05/16,26481320,109.17,110.09,108.85,37034520,110.37,110.94,109.03,36151450,111.6,112.2,110.27,110.0
07/05/18,13954810,187.79,187.95,183.54,17675210,183.82,187.3,183.42,22551660,186.29,187.19,182.91,185.26
03/24/2017,20299310,141.26,141.58,140.61,25804820,139.85,141.6,139.76,39461130,142.11,142.8,139.73,141.5
01/25/2016,65648660,98.63,101.46,98.37,52099200,97.06,97.88,94.94,72274300,95.1,98.19,93.42,101.52
11/21/2018,67678680,178.37,181.47,175.51,41626820,190.0,190.7,184.99,36191330,190.5,194.97,189.46,179.73
11/08/16,32361930,110.08,110.51,109.46,30790930,108.53,110.25,108.11,26538700,110.98,111.46,109.55,110.31
04/07/17,21131040,144.29,144.52,143.45,27649500,144.22,145.46,143.81,19865300,143.25,144.89,143.17,143.73
01/27/2017,26320740,121.67,122.44,121.6,32417410,120.42,122.1,120.28,23191150,119.55,120.1,119.5,122.14
05/18/2018,17014490,188.0,188.91,186.36,19046600,186.07,188.46,186.0,23639070,186.78,187.07,185.1,187.19
07/03/17,22986960,144.45,144.96,143.78,31450520,144.71,145.13,142.28,22052920,144.49,146.11,143.16,144.88
01/28/2016,133059000,96.04,96.63,93.34,71937310,99.93,100.88,98.07,51529980,101.52,101.53,99.21,93.79
08/03/16,33770220,106.05,106.07,104.0,38018910,104.41,106.15,104.41,27697970,104.19,104.55,103.68,104.81
05/13/2020,40575260,317.83,319.69,310.91,36486560,308.1,317.05,307.24,33511990,305.64,310.35,304.29,312.15
10/25/2019,17916260,244.51,244.8,241.81,19932550,242.1,243.24,241.22,22684000,241.16,242.2,239.62,243.16
07/18/2019,14107450,204.05,205.09,203.27,16866820,204.59,206.11,203.5,16947420,204.09,205.87,204.0,204.0
04/19/2017,14676420,141.41,142.04,141.11,16529130,141.48,141.88,140.87,17775510,141.91,142.38,141.05,141.88
01/04/16,40885480,107.01,107.03,104.82,25184090,108.58,108.7,107.18,30912260,106.96,109.43,106.86,102.61
04/11/16,23553790,108.91,109.77,108.17,31735810,109.95,110.42,108.12,26178840,110.23,110.98,109.2,108.97
05/17/2016,61192340,92.39,94.39,91.65,44223040,90.0,91.67,90.0,76183460,92.72,92.78,89.47,94.55
05/25/2017,19201820,153.84,154.17,152.67,19906170,154.9,154.9,153.31,22930630,154.0,154.58,152.91,153.73
08/05/15,123601900,117.42,117.7,113.25,69639900,121.5,122.57,117.52,42832890,122.6,122.64,120.91,112.95
07/27/2018,19005150,194.61,195.96,193.61,16553500,193.06,194.85,192.43,18680930,192.45,193.66,192.05,194.99
11/25/2019,16331260,262.59,263.18,260.84,30348780,263.69,264.01,261.18,26609920,265.54,266.08,260.4,262.71
12/21/2017,23451420,174.87,175.42,173.25,27393660,175.03,175.39,174.09,29385650,174.88,177.2,174.86,174.17
11/16/2017,28998220,169.97,170.32,168.38,24683350,173.04,173.48,171.18,16956290,173.5,174.5,173.4,171.18
02/15/2017,33054500,133.47,135.09,133.25,22989980,133.08,133.82,132.75,20046250,132.46,132.94,132.05,135.52
10/07/16,28508710,113.7,114.34,113.13,21400410,113.4,113.66,112.69,29707270,113.06,114.31,112.63,114.31
05/17/2019,33031360,189.91,192.47,188.84,26544720,186.27,191.75,186.02,36529680,186.41,189.7,185.41,186.93
01/11/18,23751690,173.16,174.3,173.0,21532200,174.55,175.06,173.41,20523870,174.35,175.61,173.93,174.59
10/29/2015,85436210,116.93,119.3,116.06,67673450,115.4,116.54,113.99,66139770,118.08,118.13,114.92,118.7
10/16/2017,16367780,156.73,157.28,156.41,16380570,156.35,157.37,155.73,16861450,155.97,156.98,155.75,157.9
04/14/2016,32771760,110.8,112.34,110.8,27150570,109.34,110.5,108.66,29357940,108.97,110.61,108.83,111.62
09/02/16,26675250,106.14,106.8,105.62,31639010,105.66,106.57,105.64,24817940,105.8,106.5,105.5,107.7
04/04/18,30237640,167.64,168.75,164.88,37425640,167.88,168.94,164.47,38116290,167.81,171.75,166.9,164.88
10/06/15,52033100,109.88,111.37,109.07,57774940,108.01,111.01,107.55,63849470,109.07,109.62,107.31,110.63
08/07/17,20514810,156.07,157.4,155.69,26604140,157.05,157.21,155.02,69726440,159.28,159.75,156.16,157.06
05/15/2017,32493770,154.7,156.42,154.67,27236290,152.45,154.07,152.31,25779060,153.63,153.94,152.11,156.01
06/12/20,50415610,349.31,351.06,335.48,41662940,347.9,354.77,346.09,36928090,332.14,345.61,332.01,344.72
01/06/20,36633880,297.15,300.58,296.5,33911860,296.24,300.6,295.19,25247630,289.93,293.68,289.52,293.79
03/28/2019,29771210,188.75,189.76,186.55,49696100,191.66,192.88,184.58,43751810,191.51,191.98,186.6,188.95
07/03/19,16935220,201.41,203.13,201.36,27316740,203.17,204.49,200.65,31110640,198.68,199.5,197.05,203.28
06/01/16,42268040,99.6,100.4,98.82,36299460,99.44,100.47,99.25,56293490,99.68,100.73,98.64,99.02
10/28/2016,31396130,115.39,115.86,114.1,66028640,114.31,115.7,113.31,46820600,117.95,118.36,117.31,113.87
08/14/2015,48407640,116.04,116.4,114.54,101593400,112.53,115.42,109.63,96820670,117.81,118.18,113.33,114.32
10/04/19,30352690,218.43,220.96,215.13,35767260,223.06,223.58,217.93,36187160,225.07,228.22,224.2,225.64
01/23/2020,25458120,318.58,319.99,317.31,27710810,317.19,319.02,316.0,34454120,316.27,318.74,315.0,317.92
08/24/2015,127246600,110.43,111.9,105.65,68176940,114.08,114.35,111.63,48079330,116.1,116.52,114.68,94.87
08/09/16,28010430,107.52,108.37,107.16,39546610,106.27,107.65,106.18,26781730,105.58,106.0,105.28,108.23
02/08/18,51467440,163.09,163.4,159.07,68171940,154.83,163.72,154.0,72215320,159.1,163.88,156.0,160.29
10/18/2019,17272900,235.09,236.15,233.52,19286690,233.37,235.24,233.2,23040480,236.39,237.65,234.88,234.59
04/29/2019,18612770,204.9,205.0,202.12,18463850,206.83,207.76,205.12,17427570,207.36,208.48,207.05,204.4
07/18/2018,15515000,189.75,191.87,189.2,15009800,191.52,192.65,190.42,12506830,191.08,191.84,190.9,191.78
02/20/2019,18958570,169.71,171.44,169.49,24603320,171.25,171.7,169.75,21785180,169.71,171.26,169.38,171.19
03/17/2016,38236730,104.61,106.31,104.59,40026250,103.96,105.18,103.85,25058280,101.91,102.91,101.78,105.52
05/15/2020,39732270,304.51,309.79,301.53,50155640,312.15,315.95,303.21,40575260,317.83,319.69,310.91,300.35
07/24/2017,25111310,149.99,150.44,148.88,17170490,151.5,151.74,150.19,20859830,150.48,151.42,149.95,150.58
01/07/16,68384270,100.56,102.37,99.87,55583140,105.75,105.85,102.41,67569090,102.61,105.37,102.0,98.68
05/20/2016,30417880,94.64,94.64,93.57,42009830,94.16,95.21,93.89,46858910,94.55,94.7,93.01,94.64
06/18/2018,61438290,190.03,190.16,188.26,21584720,191.55,191.57,190.22,21480120,192.42,192.88,190.44,187.88
01/15/2019,32018540,150.85,151.27,149.22,26924630,152.88,153.7,151.51,35661200,152.5,153.97,150.86,150.27
05/04/20,60154180,286.25,299.0,285.85,45765970,289.96,294.53,288.35,34320200,284.73,289.67,283.89,289.17
08/15/2018,20679270,210.16,210.56,208.26,25864510,207.7,210.95,207.7,24592460,207.36,209.1,206.67,209.22
11/20/2019,19069600,267.9,268.0,265.39,21700900,265.8,267.43,264.23,25093670,263.68,265.78,263.01,265.54
03/01/16,35131460,96.86,98.23,96.65,28949760,97.2,98.02,96.58,27526040,96.05,96.76,95.25,97.65
10/31/2019,31130520,244.76,245.3,241.21,35709870,248.97,249.75,242.57,24143240,247.42,249.25,246.72,247.24
06/15/2020,50036510,344.72,347.8,334.22,50415610,349.31,351.06,335.48,41662940,347.9,354.77,346.09,333.25
06/26/2018,31632320,183.4,184.92,180.73,27185130,186.12,186.15,184.7,25649240,187.25,188.35,184.94,182.99
04/29/2020,28001190,285.08,285.83,278.2,29271890,281.8,284.54,279.95,31627180,277.2,283.01,277.0,284.73
10/03/19,35767260,223.06,223.58,217.93,36187160,225.07,228.22,224.2,26318580,220.9,224.58,220.79,218.43
05/07/18,56137230,178.25,184.25,178.17,33944110,175.88,177.5,174.44,66454720,175.23,177.75,173.8,185.18
06/20/2018,33538550,185.14,186.33,183.45,18458410,187.88,189.22,187.2,61438290,190.03,190.16,188.26,186.35
11/22/2017,25047130,170.78,173.7,170.78,16041550,170.29,170.56,169.56,21884010,171.04,171.39,169.64,173.36
06/06/16,28487570,97.79,98.27,97.45,40170200,97.6,97.84,96.63,29139100,99.02,99.54,98.33,97.99
03/23/2017,25804820,139.85,141.6,139.76,39461130,142.11,142.8,139.73,21258100,140.4,141.5,140.23,141.26
05/03/16,47844490,93.97,94.08,92.4,68388840,93.99,94.72,92.51,82107120,97.61,97.88,94.25,94.2
08/09/18,22493750,206.05,207.81,204.52,25525650,209.32,209.5,206.76,25396100,208.0,209.25,207.07,207.28
09/14/2016,62080160,107.51,108.79,107.24,45114590,102.65,105.72,102.53,46461610,104.64,105.72,103.13,108.73
10/27/2015,66139770,118.08,118.13,114.92,59251740,116.7,119.23,116.33,41430660,114.33,115.5,114.1,115.4
05/23/2019,29748560,184.66,185.71,182.55,28364850,185.22,188.0,184.7,38612290,183.52,184.35,180.28,179.8
03/28/2016,25568350,105.47,106.25,104.89,25686350,106.48,107.07,105.9,32345430,105.25,107.29,105.21,106.0
05/08/17,27254850,146.76,148.98,146.76,23345970,146.52,147.14,145.81,45579740,145.59,147.49,144.27,149.03
08/10/15,38610120,114.58,116.25,114.5,52828890,115.97,116.5,114.12,99202400,112.95,117.44,112.1,116.53
08/15/2019,36547440,203.16,206.44,202.59,47539790,201.02,212.14,200.83,22481890,199.62,202.05,199.15,203.46
06/01/20,38399530,319.25,321.15,316.47,33449100,316.77,323.44,315.63,28236270,316.14,318.71,313.09,317.75
05/24/2019,36529740,179.8,180.54,177.81,29748560,184.66,185.71,182.55,28364850,185.22,188.0,184.7,180.2
09/28/2015,56005550,116.44,116.69,114.02,50061580,113.25,115.5,112.37,35678360,113.63,114.72,113.3,113.85
10/10/18,26656630,223.64,227.27,222.25,28784550,222.21,224.8,220.2,33507770,227.96,228.41,220.58,225.46
09/01/15,56111590,112.03,114.53,112.0,53075960,112.17,113.31,111.54,83825220,112.23,113.24,110.02,110.15
01/28/2019,33508960,155.48,158.13,154.32,25418110,154.11,154.48,151.74,23046560,154.15,155.14,151.7,155.79
08/09/19,27009520,200.2,203.53,199.39,33364400,195.41,199.56,193.82,35824790,196.31,198.07,194.04,201.3
05/14/2020,50155640,312.15,315.95,303.21,40575260,317.83,319.69,310.91,36486560,308.1,317.05,307.24,304.51
11/07/17,34770480,172.37,174.99,171.72,59332210,174.0,174.26,171.12,39668100,167.64,168.5,165.28,173.91
07/17/2017,20117070,147.97,149.33,147.33,25080500,145.5,148.49,145.44,24833800,145.87,146.18,144.82,148.82
08/13/2015,101593400,112.53,115.42,109.63,96820670,117.81,118.18,113.33,54851010,116.53,119.99,116.53,116.04
01/11/19,35661200,152.5,153.97,150.86,45034370,151.29,154.53,149.63,40622910,149.56,151.82,148.52,152.88
08/24/2018,18505780,214.65,217.05,214.6,18965930,214.1,216.36,213.84,25682700,216.8,217.19,214.03,216.6
01/04/17,28769220,115.8,116.33,114.76,30555900,116.65,117.2,115.43,14979680,116.45,117.11,116.4,115.85
04/04/16,25820460,108.78,110.0,108.2,25763840,109.72,109.9,108.88,45547590,108.65,110.42,108.6,110.42
08/12/15,96820670,117.81,118.18,113.33,54851010,116.53,119.99,116.53,38610120,114.58,116.25,114.5,112.53
10/12/17,16861450,155.97,156.98,155.75,15603520,156.06,158.0,155.1,16243080,155.81,156.73,155.49,156.35
12/20/2017,27393660,175.03,175.39,174.09,29385650,174.88,177.2,174.86,40122100,173.63,174.17,172.46,174.87
03/14/2016,27368840,102.24,102.28,101.5,33490630,101.41,102.24,100.15,27148530,101.31,101.58,100.27,101.91
05/06/16,35850220,94.0,94.07,92.68,40984160,95.2,95.9,93.82,56770080,94.2,95.74,93.68,93.37
12/29/2015,26639930,107.59,107.69,106.18,13596680,109.0,109.0,107.95,32618140,107.27,108.85,107.2,106.96
05/03/17,44182930,147.54,148.09,146.84,33498270,145.1,147.2,144.96,20783460,144.09,144.3,143.27,145.59
11/15/2019,22395560,263.75,264.88,262.1,25817590,261.13,264.78,261.07,21847230,261.55,262.79,260.92,263.68
09/19/2016,79763890,115.12,116.13,114.04,90398170,113.86,115.73,113.49,111186900,108.73,113.03,108.6,115.19
04/03/17,19576480,143.72,144.27,143.01,21189000,144.19,144.5,143.5,29174040,143.68,144.49,143.19,143.71
04/13/2016,27150570,109.34,110.5,108.66,29357940,108.97,110.61,108.83,23553790,108.91,109.77,108.17,110.8
01/11/17,24432660,118.77,119.38,118.3,33420290,117.95,119.43,117.94,31714820,116.78,118.16,116.47,118.74
11/17/2016,58724080,106.7,110.23,106.6,32230590,106.57,107.68,106.16,50901380,107.71,107.81,104.08,109.81
11/27/2019,26334880,266.94,267.16,262.5,21029520,262.71,266.44,262.52,16331260,262.59,263.18,260.84,265.58
12/15/2015,64678220,112.18,112.68,109.79,46810020,115.19,115.39,112.85,29158640,116.04,116.94,115.51,111.94
06/28/2018,24987260,185.23,187.28,184.03,24378480,182.99,186.53,182.54,31632320,183.4,184.92,180.73,184.1
05/02/16,68388840,93.99,94.72,92.51,82107120,97.61,97.88,94.25,114436300,96.0,98.71,95.68,93.97
02/10/20,29421010,322.37,323.4,318.0,26356390,322.57,325.22,320.26,29706720,323.52,324.76,318.95,314.18
03/09/18,24518850,175.48,177.12,175.07,31686450,174.94,175.85,174.27,23273160,177.91,178.25,176.13,177.96
02/09/16,53920550,93.13,95.7,93.04,46315620,96.52,96.92,93.69,46418230,95.86,97.33,95.19,94.29
04/22/2020,45247890,276.28,277.25,265.43,32503750,277.95,281.68,276.85,53812480,284.69,286.95,276.86,273.61
11/29/2019,16386120,265.58,267.98,265.31,26334880,266.94,267.16,262.5,21029520,262.71,266.44,262.52,266.6
11/28/2018,41156140,171.51,174.77,170.88,44662320,174.24,174.95,170.26,23623970,174.94,176.6,172.1,176.73
09/11/19,31777930,213.86,216.78,211.71,27309400,214.84,216.44,211.07,19362290,214.05,214.42,212.51,218.07
10/19/2015,38794930,111.78,112.0,110.53,37622200,110.93,112.1,110.49,44434220,111.29,111.52,109.56,110.8
06/25/2020,48155850,365.0,368.79,358.52,53038870,364.0,372.38,362.27,33861320,351.34,359.46,351.15,360.7
06/27/2016,75219710,92.91,94.66,92.65,32042290,95.94,96.29,95.25,29124140,96.25,96.89,95.35,93.0
09/19/2018,31495630,217.79,221.85,217.12,36810120,222.15,222.95,217.27,31801970,225.75,226.84,222.52,218.5
07/08/19,17265520,203.35,205.08,202.9,11362050,203.28,204.44,202.69,16935220,201.41,203.13,201.36,200.81
12/13/2016,26176690,113.29,115.0,112.49,34324350,112.31,114.7,112.31,27049830,110.86,112.43,110.6,113.84
02/26/2016,27526040,96.05,96.76,95.25,36192150,93.98,96.38,93.32,31851180,96.4,96.5,94.55,97.2
01/06/17,22115100,115.92,116.86,115.81,21081620,115.85,116.51,115.75,28769220,115.8,116.33,114.76,116.78
10/21/2015,48929200,111.34,114.17,110.82,29723750,110.8,111.75,110.11,38794930,111.78,112.0,110.53,114.0
01/16/2018,25302200,176.18,177.36,175.65,18653380,174.59,175.49,174.49,23751690,173.16,174.3,173.0,177.9
02/25/2019,18890250,171.58,173.0,171.38,17154540,171.8,172.37,170.3,25323890,171.19,173.32,170.99,174.16
03/24/2016,25686350,106.48,107.07,105.9,32345430,105.25,107.29,105.21,35454230,105.93,107.65,105.14,105.47
06/24/2019,47800590,198.8,200.85,198.15,21513990,200.37,200.61,198.03,21124240,199.68,199.88,197.31,198.54
12/02/19,11654360,266.6,268.0,265.9,16386120,265.58,267.98,265.31,26334880,266.94,267.16,262.5,267.27
08/21/2018,30149410,218.1,219.18,215.11,35034410,213.44,217.95,213.16,27595310,211.75,213.81,211.47,216.8
12/19/2017,29385650,174.88,177.2,174.86,40122100,173.63,174.17,172.46,20442740,172.4,173.13,171.65,175.03
07/29/2015,33570380,123.38,123.91,122.55,44371580,123.09,123.61,122.12,42090320,125.32,125.74,123.9,123.15
10/26/2015,59251740,116.7,119.23,116.33,41430660,114.33,115.5,114.1,42276880,114.0,115.58,113.7,118.08
05/01/18,41976500,162.13,167.26,161.84,35617230,164.0,164.33,160.63,27850370,164.12,165.73,163.37,166.41
10/27/2016,66028640,114.31,115.7,113.31,46820600,117.95,118.36,117.31,23492650,117.1,117.74,117.0,115.39
07/30/2018,23975350,194.99,195.19,190.1,19005150,194.61,195.96,193.61,16553500,193.06,194.85,192.43,191.9
01/08/16,80742460,98.68,100.13,96.43,68384270,100.56,102.37,99.87,55583140,105.75,105.85,102.41,98.55
12/06/19,18661340,263.79,265.89,262.73,16810390,261.07,263.31,260.68,29377270,258.31,259.53,256.29,267.48
11/29/2018,45941750,176.73,181.29,174.93,41156140,171.51,174.77,170.88,44662320,174.24,174.95,170.26,182.66
09/21/2016,34494150,113.05,114.12,112.51,46937190,115.19,116.18,113.25,79763890,115.12,116.13,114.04,113.85
11/02/15,49305220,120.99,121.22,119.45,51106100,118.7,120.69,118.27,85436210,116.93,119.3,116.06,119.87
11/21/2017,16041550,170.29,170.56,169.56,21884010,171.04,171.39,169.64,23598650,171.18,171.87,170.3,170.78
09/04/18,43177540,226.51,228.87,226.0,48696960,223.25,228.26,222.4,27074260,220.15,223.49,219.41,228.41
10/10/19,19029420,227.03,227.79,225.64,29282700,225.82,228.06,224.33,30889270,226.27,229.93,225.84,227.93
02/06/18,72215320,159.1,163.88,156.0,85957050,166.0,166.8,160.1,44453230,167.17,168.62,166.76,154.83
12/11/19,22632380,268.6,270.07,265.86,32182650,270.0,270.8,264.91,26547490,267.48,271.0,267.3,268.81
07/13/2017,24833800,145.87,146.18,144.82,18647220,144.73,145.85,144.38,21080580,144.11,145.95,143.37,145.5
08/12/16,27460070,108.52,108.93,107.85,23839880,108.71,108.9,107.76,26296260,108.23,108.94,108.01,107.78
09/25/2019,31434370,221.03,222.49,217.19,19419650,218.95,219.84,217.65,57977090,221.38,222.56,217.47,218.55
01/03/17,30555900,116.65,117.2,115.43,14979680,116.45,117.11,116.4,20686510,117.52,118.02,116.2,115.8
05/30/2019,28481170,176.42,179.35,176.0,27948160,178.92,180.59,177.91,23714690,180.2,182.14,178.62,177.95
05/09/19,26339500,201.9,205.34,201.75,38763700,205.88,207.42,200.83,32443110,204.29,208.84,203.5,200.4
12/28/2015,13596680,109.0,109.0,107.95,32618140,107.27,108.85,107.2,32728460,107.4,107.72,106.45,107.59
12/03/18,39424260,180.29,180.33,177.03,41523580,182.66,182.8,177.7,45941750,176.73,181.29,174.93,184.46
01/13/2020,35217270,310.6,312.67,308.25,42621540,307.24,310.43,306.2,33090950,297.16,304.44,297.16,311.64
09/18/2019,18386470,219.96,220.82,219.12,21158140,217.73,220.13,217.56,39763300,220.0,220.79,217.02,221.06
03/14/2017,17048800,138.85,139.43,138.82,19578920,139.25,139.36,138.64,22117750,138.74,138.79,137.05,139.3
07/17/2019,16866820,204.59,206.11,203.5,16947420,204.09,205.87,204.0,17595210,202.45,204.0,202.2,204.05
10/12/15,52720620,110.0,112.28,109.49,61747260,110.19,110.19,108.21,46717770,111.74,111.77,109.41,112.73
10/28/2015,67673450,115.4,116.54,113.99,66139770,118.08,118.13,114.92,59251740,116.7,119.23,116.33,116.93
12/27/2018,58133850,148.3,157.23,146.72,37169230,148.15,151.55,146.59,95497900,156.86,158.16,149.63,155.84
02/14/2017,22989980,133.08,133.82,132.75,20046250,132.46,132.94,132.05,28321440,131.65,132.45,131.12,133.47
08/23/2019,22267820,213.19,214.44,210.75,21564750,212.99,213.65,211.6,26919530,210.88,213.35,210.32,209.43
12/18/2017,40122100,173.63,174.17,172.46,20442740,172.4,173.13,171.65,23402510,172.5,173.54,172.0,174.88
07/07/20,29663910,370.0,375.78,369.87,28510370,367.85,370.47,363.64,27684310,365.12,367.36,363.91,375.41
01/28/2020,40485010,310.06,311.77,304.88,36634380,320.25,323.33,317.52,26117990,317.92,319.56,315.65,312.6
09/27/2017,35907770,151.78,153.92,151.69,44366140,149.99,151.83,149.16,46575410,152.02,152.27,150.56,153.8
09/26/2016,52411070,114.42,114.79,111.55,31048170,114.35,114.94,114.0,35951900,113.85,113.99,112.44,111.64
10/07/15,48702200,110.63,111.74,109.77,52033100,109.88,111.37,109.07,57774940,108.01,111.01,107.55,111.74
10/04/18,28540490,230.05,233.47,229.78,24435010,227.25,230.0,226.63,23171020,227.95,229.42,226.35,230.78
11/15/2017,24683350,173.04,173.48,171.18,16956290,173.5,174.5,173.4,25129510,175.11,175.38,174.27,169.97
12/16/2015,53168580,111.94,112.8,110.35,64678220,112.18,112.68,109.79,46810020,115.19,115.39,112.85,111.07
04/04/19,23243160,193.25,196.5,193.15,22727370,191.09,194.46,191.05,27308200,191.64,191.68,188.38,194.79
12/07/17,28397810,167.5,170.2,166.46,27315530,169.06,171.52,168.4,32512580,172.48,172.62,169.63,169.03
09/12/17,31506890,160.5,162.05,159.89,28411740,160.86,161.15,158.53,21905160,162.09,162.24,160.36,162.61
08/25/2016,23606240,108.57,108.75,107.68,21236850,108.59,109.32,108.53,25784420,108.86,109.1,107.85,107.39
01/09/18,20523870,174.35,175.61,173.93,23589930,173.44,175.37,173.05,22342650,172.54,173.47,172.08,174.55
01/02/18,25938760,170.52,170.59,169.22,16412270,171.0,171.85,170.48,21477380,170.1,170.78,169.71,170.16
08/26/2015,102731700,111.11,111.11,103.5,161882500,94.87,108.8,92.0,127246600,110.43,111.9,105.65,107.09
12/01/15,38063130,117.99,119.41,117.75,13046450,118.29,118.41,117.6,21341960,119.21,119.23,117.92,118.75
05/10/17,38907940,153.87,154.88,153.45,48670440,149.03,153.7,149.03,27254850,146.76,148.98,146.76,153.63
12/12/17,34260890,169.2,172.89,168.79,23285760,170.49,171.0,168.82,25656110,169.03,170.44,168.91,172.15
06/29/2016,40387960,92.9,93.66,92.14,45595680,93.0,93.05,91.5,75219710,92.91,94.66,92.65,93.97
04/23/2018,65270950,170.6,171.22,165.43,34693280,174.95,175.39,172.66,20544600,177.81,178.82,176.88,166.84
10/20/2017,42357420,156.75,157.08,155.02,16252850,160.42,160.71,159.6,18969700,159.78,160.87,159.23,156.61
03/22/2018,36387880,175.04,175.09,171.26,19620520,175.24,176.8,174.94,32931110,177.32,177.47,173.66,170.0
02/10/16,44282560,94.29,95.94,93.93,53920550,93.13,95.7,93.04,46315620,96.52,96.92,93.69,95.92
06/07/18,20912820,193.63,194.08,191.92,21535570,193.07,193.94,192.36,26190620,191.64,193.42,191.35,194.14
04/22/2016,31416910,106.93,106.93,105.52,30576980,106.64,108.09,106.06,32340620,107.88,108.0,106.23,105.01
05/15/2018,20393070,189.01,189.53,187.86,26167950,189.49,190.06,187.45,27942430,187.74,190.37,187.65,186.78
07/18/2017,23765710,148.82,150.9,148.57,20117070,147.97,149.33,147.33,25080500,145.5,148.49,145.44,149.2
11/25/2015,42747950,117.33,119.35,117.12,32445680,119.27,119.73,117.34,34135230,119.2,119.92,118.85,119.21
08/03/18,62317430,200.58,208.38,200.35,67812280,199.13,201.76,197.31,37847260,190.3,192.14,189.34,207.03
02/21/2020,25141490,322.63,324.65,318.21,23495990,320.0,324.57,320.0,38190550,315.36,319.75,314.61,318.62
06/17/2016,31251870,96.45,97.75,96.07,29373050,97.82,98.41,97.03,31890740,97.32,98.48,96.75,96.62
04/12/18,22401040,172.23,173.92,171.7,28567110,173.0,174.0,171.53,28976200,169.88,173.09,169.85,173.41
07/26/2017,18798250,151.8,153.84,151.8,21466370,150.58,152.44,149.9,25111310,149.99,150.44,148.88,153.35
02/01/17,47767760,121.15,121.39,120.62,30327110,120.93,121.63,120.66,20495340,122.14,122.35,121.6,127.03
12/20/2016,27756760,115.8,117.38,115.75,44284660,116.47,116.5,115.65,46286150,115.38,116.73,115.23,116.74
05/23/2016,31834020,94.64,95.43,94.52,30417880,94.64,94.64,93.57,42009830,94.16,95.21,93.89,95.87
09/12/19,44289650,218.07,223.71,217.73,31777930,213.86,216.78,211.71,27309400,214.84,216.44,211.07,224.8
12/14/2018,31754210,170.49,172.57,169.55,35474680,170.4,171.92,169.02,45968040,171.66,171.79,167.0,169.0
05/11/17,25779060,153.63,153.94,152.11,38907940,153.87,154.88,153.45,48670440,149.03,153.7,149.03,152.45
01/23/2017,29922650,120.45,120.45,119.73,25554290,119.4,120.09,119.37,23687350,120.0,120.5,119.71,120.0
12/07/18,42704910,171.76,174.78,170.42,41141250,180.95,182.39,176.27,40537700,184.46,184.94,181.21,173.49
06/21/2017,24877950,146.87,146.87,144.94,32203640,143.66,146.74,143.66,50264540,143.78,144.5,142.2,145.52
12/10/15,46301930,117.64,117.69,115.08,34275420,117.52,118.6,116.86,32063100,118.98,119.86,117.81,116.04
06/07/16,23265200,97.99,101.89,97.55,28487570,97.79,98.27,97.45,40170200,97.6,97.84,96.63,99.25
12/15/2017,20442740,172.4,173.13,171.65,23402510,172.5,173.54,172.0,19088170,172.15,172.39,171.46,173.63
01/31/2018,45635470,165.53,167.37,164.7,50565420,170.16,170.16,167.07,39075250,172.0,172.0,170.06,166.87
09/13/2016,45114590,102.65,105.72,102.53,46461610,104.64,105.72,103.13,52955310,107.25,107.27,105.24,107.51
08/18/2017,27377960,160.52,160.71,157.84,27607370,161.94,162.51,160.15,29377630,160.66,162.2,160.14,157.86
10/18/2017,18969700,159.78,160.87,159.23,24093300,157.9,160.0,157.65,16367780,156.73,157.28,156.41,160.42
02/18/2020,20028450,324.74,325.98,322.85,23686890,324.19,326.22,323.35,28432570,321.47,327.22,321.47,315.36
04/27/2017,19998050,144.47,144.6,143.38,18325720,143.91,144.9,143.87,17117710,143.5,143.95,143.18,143.92
11/23/2018,31096240,179.73,180.27,176.55,67678680,178.37,181.47,175.51,41626820,190.0,190.7,184.99,174.94
07/10/18,19636390,189.5,190.68,189.3,17426160,185.42,188.43,185.2,16543880,185.26,186.41,184.28,190.71
04/06/16,26560420,109.51,110.73,109.42,37322930,110.42,112.19,110.27,25820460,108.78,110.0,108.2,110.23
04/27/2016,52979780,103.91,105.3,103.91,27997990,105.0,105.65,104.51,33655810,105.01,106.48,104.62,96.0
10/26/2016,46820600,117.95,118.36,117.31,23492650,117.1,117.74,117.0,22527690,116.81,116.91,116.28,114.31
06/02/17,16383610,153.17,153.33,152.22,24452750,153.97,154.17,152.38,20118620,153.42,154.43,153.33,153.58
09/20/2019,22187880,222.01,223.76,220.37,25643090,221.06,222.85,219.44,18386470,219.96,220.82,219.12,221.38
12/24/2019,24677880,280.53,284.25,280.37,69032740,282.23,282.65,278.56,24626950,279.5,281.18,278.95,284.69
05/04/16,56770080,94.2,95.74,93.68,47844490,93.97,94.08,92.4,68388840,93.99,94.72,92.51,95.2
05/11/20,33511990,305.64,310.35,304.29,28803760,303.22,305.17,301.97,35583440,300.46,303.24,298.87,308.1
06/22/2016,35407050,94.94,96.35,94.68,34355970,96.0,96.57,95.03,60793260,96.62,96.65,95.3,96.25
08/08/19,33364400,195.41,199.56,193.82,35824790,196.31,198.07,194.04,52392970,197.99,198.65,192.58,200.2
01/07/19,57423650,144.53,148.55,143.8,91106840,143.98,145.72,142.0,35637070,154.89,158.85,154.23,148.7
05/16/2019,26544720,186.27,191.75,186.02,36529680,186.41,189.7,185.41,57430620,187.71,189.48,182.85,189.91
11/06/18,66072170,204.3,204.39,198.17,91046560,209.55,213.65,205.43,52954070,219.05,222.36,216.81,201.92
12/17/2018,40620360,169.0,169.08,165.28,31754210,170.49,172.57,169.55,35474680,170.4,171.92,169.02,165.45
03/01/18,37568080,179.26,180.62,178.05,38885510,179.1,180.48,178.16,37353670,176.35,179.39,176.21,178.54
11/23/2015,34135230,119.2,119.92,118.85,43233950,117.64,119.75,116.76,46559730,115.76,117.49,115.5,119.27
03/15/2016,25058280,101.91,102.91,101.78,27368840,102.24,102.28,101.5,33490630,101.41,102.24,100.15,103.96
12/08/17,25656110,169.03,170.44,168.91,28397810,167.5,170.2,166.46,27315530,169.06,171.52,168.4,170.49
12/08/15,32063100,118.98,119.86,117.81,57717870,115.29,119.25,115.11,41511380,116.55,116.79,114.22,117.52
06/13/2018,16859020,191.39,192.61,191.15,18069930,191.35,191.97,190.21,26580710,191.17,192.0,189.77,192.42
04/06/20,32470020,242.8,245.7,238.97,41483490,240.34,245.15,236.9,44054640,246.5,248.72,239.13,250.9
06/17/2020,41357180,351.46,353.2,344.72,34702230,333.25,345.68,332.58,50036510,344.72,347.8,334.22,355.15
04/15/2016,25364920,111.62,112.39,111.33,32771760,110.8,112.34,110.8,27150570,109.34,110.5,108.66,112.11
07/24/2018,15955820,190.68,191.96,189.56,20670830,191.78,192.43,190.17,20182050,189.69,192.55,189.69,192.45
01/04/19,91106840,143.98,145.72,142.0,35637070,154.89,158.85,154.23,34499390,158.53,159.36,156.48,144.53
10/09/19,29282700,225.82,228.06,224.33,30889270,226.27,229.93,225.84,34755550,225.64,227.49,223.89,227.03
06/26/2017,35421310,145.13,147.16,145.11,19082170,145.77,146.7,145.12,21247590,145.52,146.07,144.61,147.17
08/28/2019,25897340,207.86,208.55,203.53,26066130,205.86,207.19,205.06,46882840,209.43,212.05,201.0,204.1
05/16/2017,25912270,156.01,156.65,155.05,32493770,154.7,156.42,154.67,27236290,152.45,154.07,152.31,155.94
03/30/2016,31154910,104.89,107.79,104.88,19354440,106.0,106.19,105.06,25568350,105.47,106.25,104.89,108.65
01/10/17,33420290,117.95,119.43,117.94,31714820,116.78,118.16,116.47,22115100,115.92,116.86,115.81,118.77
03/07/19,20755140,174.67,175.49,173.94,19238480,175.94,176.0,174.54,27413060,175.69,177.75,173.97,173.87
08/28/2017,25184600,159.65,160.56,159.27,19782170,160.43,160.74,158.55,19376940,159.07,160.47,158.88,160.14
05/07/19,32443110,204.29,208.84,203.5,20892380,210.89,211.84,210.23,31996320,209.84,212.65,208.13,205.88
06/23/2016,29124140,96.25,96.89,95.35,35407050,94.94,96.35,94.68,34355970,96.0,96.57,95.03,95.94
09/14/2018,41411350,223.52,228.35,222.57,49118510,224.94,225.0,219.84,35644510,218.01,224.3,216.56,225.75
04/11/17,18904680,143.6,143.88,142.9,16658660,143.73,144.18,143.27,21131040,144.29,144.52,143.45,142.94
06/13/2019,18253190,193.95,195.97,193.39,26932880,194.86,196.0,193.6,26220850,191.81,195.37,191.62,194.7
07/25/2016,28218240,99.26,99.3,98.31,32690080,99.83,101.0,99.13,26219110,100.0,100.46,99.74,98.25
09/19/2019,25643090,221.06,222.85,219.44,18386470,219.96,220.82,219.12,21158140,217.73,220.13,217.56,222.01
11/14/2019,25817590,261.13,264.78,261.07,21847230,261.55,262.79,260.92,20507460,258.3,262.47,258.28,263.75
08/14/2017,26208970,156.6,158.57,156.07,39636190,159.9,160.0,154.63,26060430,159.26,161.27,159.11,159.32
11/30/2018,41523580,182.66,182.8,177.7,45941750,176.73,181.29,174.93,41156140,171.51,174.77,170.88,180.29
09/21/2017,52126240,157.9,158.26,153.83,20565620,159.51,159.77,158.44,28157630,160.11,160.5,158.0,155.8
01/12/16,49687870,98.97,99.06,97.34,70722000,98.55,99.11,96.76,80742460,98.68,100.13,96.43,100.55
04/10/18,28976200,169.88,173.09,169.85,34949690,170.97,172.48,168.2,26750260,172.58,174.23,172.08,173.0
06/16/2016,29373050,97.82,98.41,97.03,31890740,97.32,98.48,96.75,37708360,98.69,99.12,97.1,96.45
06/10/16,26575570,98.5,99.99,98.46,20839950,99.02,99.56,98.68,22378380,99.25,99.87,98.96,98.53
02/18/2016,44811800,96.67,98.21,96.15,48032600,95.02,96.85,94.61,40323020,94.19,94.5,93.01,98.84
09/13/2019,32226670,224.8,226.42,222.86,44289650,218.07,223.71,217.73,31777930,213.86,216.78,211.71,220.0
05/19/2020,33843130,313.17,316.5,310.32,41587090,300.35,307.9,300.21,39732270,304.51,309.79,301.53,315.03
06/08/17,21017560,155.02,155.98,154.48,26591850,153.9,155.81,153.78,25277680,154.34,154.45,153.46,155.25
06/29/2018,17352380,184.1,186.21,183.8,24987260,185.23,187.28,184.03,24378480,182.99,186.53,182.54,186.29
08/07/15,52828890,115.97,116.5,114.12,99202400,112.95,117.44,112.1,123601900,117.42,117.7,113.25,114.58
02/27/2020,49678430,286.53,297.88,286.5,57668360,300.95,302.53,286.13,55548830,297.26,304.18,289.23,281.1
12/12/16,34324350,112.31,114.7,112.31,27049830,110.86,112.43,110.6,29976030,109.26,111.19,109.16,113.29
04/11/18,28567110,173.0,174.0,171.53,28976200,169.88,173.09,169.85,34949690,170.97,172.48,168.2,172.23
06/07/17,26591850,153.9,155.81,153.78,25277680,154.34,154.45,153.46,27715140,153.58,155.45,152.89,155.02
07/24/2019,18355210,208.46,208.91,207.29,22277930,203.65,207.23,203.61,20929310,205.79,206.5,202.36,207.67
06/18/2020,28601630,355.15,355.4,351.09,41357180,351.46,353.2,344.72,34702230,333.25,345.68,332.58,351.41
04/08/19,18473070,196.45,197.1,195.93,19090050,194.79,196.37,193.14,23243160,193.25,196.5,193.15,196.42
02/16/2018,50908540,169.79,173.09,169.0,40382890,163.05,167.54,162.88,32483310,161.95,164.75,161.65,172.36
12/21/2018,64398230,160.4,162.11,155.3,47597670,166.0,167.45,159.09,33753490,165.38,167.53,164.39,156.86
11/07/19,18966120,256.77,257.49,255.37,19974430,257.05,258.19,256.32,25817950,257.33,257.85,255.38,258.74
03/07/17,21229890,139.37,139.77,138.6,21555370,138.78,139.83,138.59,26170690,140.0,140.28,138.76,139.06
06/09/20,23913630,330.25,333.6,327.32,34312550,323.35,331.75,323.23,21890090,324.39,325.62,320.78,332.14
12/11/17,23285760,170.49,171.0,168.82,25656110,169.03,170.44,168.91,28397810,167.5,170.2,166.46,169.2
12/04/15,41511380,116.55,116.79,114.22,33316990,117.05,118.11,116.08,34806250,118.75,118.81,116.86,115.29
03/20/2017,43700570,141.0,141.0,139.89,19173780,140.72,141.02,140.26,25676720,139.41,140.75,139.03,140.4
04/13/2018,22858840,173.41,175.0,173.04,22401040,172.23,173.92,171.7,28567110,173.0,174.0,171.53,174.78
08/27/2015,96531890,107.09,109.89,105.05,102731700,111.11,111.11,103.5,161882500,94.87,108.8,92.0,112.23
10/13/2017,16380570,156.35,157.37,155.73,16861450,155.97,156.98,155.75,15603520,156.06,158.0,155.1,156.73
09/16/2016,90398170,113.86,115.73,113.49,111186900,108.73,113.03,108.6,62080160,107.51,108.79,107.24,115.12
10/07/19,34755550,225.64,227.49,223.89,30352690,218.43,220.96,215.13,35767260,223.06,223.58,217.93,226.27
08/22/2016,25108890,108.77,109.69,108.36,21918340,109.23,109.6,109.02,25328680,109.1,109.37,108.34,108.86
09/26/2017,44366140,149.99,151.83,149.16,46575410,152.02,152.27,150.56,37350060,155.8,155.8,152.75,151.78
06/27/2018,24378480,182.99,186.53,182.54,31632320,183.4,184.92,180.73,27185130,186.12,186.15,184.7,185.23
03/21/2016,43607120,106.34,106.5,105.19,34394830,105.52,106.47,104.96,38236730,104.61,106.31,104.59,105.93
08/17/2018,27595310,211.75,213.81,211.47,28595230,209.22,210.74,208.33,20679270,210.16,210.56,208.26,213.44
02/10/17,28321440,131.65,132.45,131.12,22941650,131.35,132.22,131.22,38158410,130.54,132.09,130.45,132.46
07/19/2017,17837130,149.2,150.13,148.67,23765710,148.82,150.9,148.57,20117070,147.97,149.33,147.33,150.48
07/09/19,25338630,200.81,201.4,198.41,17265520,203.35,205.08,202.9,11362050,203.28,204.44,202.69,199.2
06/08/20,34312550,323.35,331.75,323.23,21890090,324.39,325.62,320.78,26122800,324.66,326.2,322.3,330.25
09/10/18,37418910,221.85,225.37,220.71,34121240,226.23,227.35,221.3,33290830,228.99,229.67,225.1,220.95
10/22/2015,42276880,114.0,115.58,113.7,48929200,111.34,114.17,110.82,29723750,110.8,111.75,110.11,114.33
06/04/19,40396070,175.6,177.92,170.27,27043580,176.23,177.99,174.99,21218410,177.95,179.23,176.67,175.44
09/20/2016,46937190,115.19,116.18,113.25,79763890,115.12,116.13,114.04,90398170,113.86,115.73,113.49,113.05
09/09/15,54507300,111.65,112.56,110.32,49904460,108.97,110.45,108.51,53142590,112.49,112.78,110.04,113.76
12/26/2018,37169230,148.15,151.55,146.59,95497900,156.86,158.16,149.63,64398230,160.4,162.11,155.3,148.3
04/26/2017,18325720,143.91,144.9,143.87,17117710,143.5,143.95,143.18,17290900,142.44,142.68,141.85,144.47
02/27/2019,16991610,173.71,175.3,173.17,21846400,174.16,175.87,173.95,18890250,171.58,173.0,171.38,173.21
06/16/2017,31642900,143.32,144.48,142.21,31454590,147.5,147.5,143.84,34089190,147.16,147.45,145.15,143.78
12/31/2019,36059610,289.46,292.69,285.22,36592940,291.12,293.97,288.12,23334000,284.82,289.98,284.7,289.93
01/20/2017,25554290,119.4,120.09,119.37,23687350,120.0,120.5,119.71,34412090,118.34,120.24,118.22,120.45
01/21/2016,72274300,95.1,98.19,93.42,52960810,98.41,98.65,95.5,79356010,96.2,97.71,95.36,97.06
03/04/20,79868850,303.67,304.0,285.8,85349340,282.28,301.44,277.72,106721200,257.26,278.41,256.37,296.44
03/18/2019,39017490,184.85,187.33,183.74,23527660,183.9,184.1,182.56,30929740,182.25,183.3,180.92,185.8
08/06/15,99202400,112.95,117.44,112.1,123601900,117.42,117.7,113.25,69639900,121.5,122.57,117.52,115.97
08/29/2018,22751390,219.01,220.54,218.92,20400770,217.15,218.74,216.33,18457720,216.6,216.9,215.11,220.15
01/14/2020,30521720,311.64,317.07,311.15,35217270,310.6,312.67,308.25,42621540,307.24,310.43,306.2,316.7
05/13/2016,76183460,92.72,92.78,89.47,28641180,93.48,93.57,92.46,33653020,93.33,93.57,92.11,90.0
03/02/16,50303500,97.65,100.77,97.42,35131460,96.86,98.23,96.65,28949760,97.2,98.02,96.58,100.51
01/11/16,70722000,98.55,99.11,96.76,80742460,98.68,100.13,96.43,68384270,100.56,102.37,99.87,98.97
02/06/17,24460160,128.31,129.19,128.16,33671250,127.98,129.39,127.78,111837300,127.03,130.49,127.01,129.13
01/15/2016,63000140,97.96,100.48,95.74,62285770,100.32,101.19,97.3,49046150,100.55,100.69,98.84,96.2
